{"__type__":"sp.SkeletonData","_name":"27040","skeletonJsonStr":"{\n\"skeleton\": { \"hash\": \"dqvm9NPaU+3grTE+N7pA79GTWp0\", \"spine\": \"3.6.52\", \"width\": 84.47, \"height\": 120.03, \"images\": \"\" },\n\"bones\": [\n\t{ \"name\": \"root\", \"scaleX\": 0.5, \"scaleY\": 0.5 },\n\t{ \"name\": \"28039\", \"parent\": \"root\", \"x\": -40.56, \"y\": 469.08 },\n\t{ \"name\": \"28040\", \"parent\": \"28039\", \"length\": 36.51, \"rotation\": -90.9, \"x\": -61.51, \"y\": -72.39 },\n\t{ \"name\": \"28041\", \"parent\": \"28040\", \"length\": 49.58, \"rotation\": -9.83, \"x\": 37.21, \"y\": -1.45 }\n],\n\"slots\": [\n\t{ \"name\": \"28039\", \"bone\": \"28041\", \"attachment\": \"28039\" }\n],\n\"skins\": {\n\t\"default\": {},\n\t\"normal\": {\n\t\t\"28039\": {\n\t\t\t\"28039\": {\n\t\t\t\t\"name\": \"normal/28039\",\n\t\t\t\t\"type\": \"mesh\",\n\t\t\t\t\"uvs\": [ 1, 0, 0.91536, 0, 0, 0.65356, 0, 0.70782, 0.04925, 0.71904, 0.13331, 0.64876, 0.12302, 0.70555, 0.07326, 0.73818, 0.11272, 0.75993, 0.11444, 0.79255, 0.07901, 0.8634, 0.02067, 0.95402, 0.07215, 1, 0.12191, 1, 0.1854, 0.8779, 0.1854, 0.79815, 0.1957, 0.75586, 0.23516, 0.7329, 0.18368, 0.70269, 0.17854, 0.62415, 1, 0.04818 ],\n\t\t\t\t\"triangles\": [ 9, 15, 14, 10, 9, 14, 12, 11, 10, 13, 12, 10, 14, 13, 10, 16, 18, 17, 8, 7, 6, 16, 8, 6, 6, 5, 18, 6, 18, 16, 8, 15, 9, 16, 15, 8, 1, 0, 20, 19, 1, 20, 1, 19, 2, 5, 2, 19, 5, 19, 18, 5, 4, 2, 4, 3, 2 ],\n\t\t\t\t\"vertices\": [ 1, 1, 80.52, 80.95, 1, 1, 1, 66.21, 80.95, 1, 1, 1, -88.42, -75.97, 1, 1, 1, -88.42, -88.99, 1, 1, 1, -80.09, -91.68, 1, 1, 1, -65.89, -74.81, 1, 1, 2, 16.14, -5.87, 1, 1, 2, 24.11, -14.15, 1, 1, 2, 29.22, -7.4, 1, 2, 2, 37.04, -6.99, 0.504, 3, 0.78, -5.48, 0.496, 1, 3, 18.61, -8.2, 1, 1, 3, 41.81, -13.84, 1, 1, 3, 51.03, -3.23, 1, 1, 3, 49.47, 5.03, 1, 1, 3, 18.68, 10.11, 1, 2, 2, 38.2, 5.03, 0.504, 3, -0.13, 6.55, 0.496, 1, 2, 28.02, 6.6, 1, 1, 2, 22.4, 13.18, 1, 1, 2, 15.29, 4.37, 1, 1, 1, -58.25, -68.9, 1, 1, 1, 80.52, 69.39, 1 ],\n\t\t\t\t\"hull\": 21,\n\t\t\t\t\"edges\": [ 0, 2, 2, 4, 4, 6, 6, 8, 8, 10, 10, 12, 12, 14, 14, 16, 16, 18, 18, 20, 20, 22, 22, 24, 24, 26, 26, 28, 28, 30, 30, 32, 32, 34, 34, 36, 36, 38, 38, 40, 0, 40 ],\n\t\t\t\t\"width\": 169,\n\t\t\t\t\"height\": 240\n\t\t\t}\n\t\t}\n\t}\n},\n\"animations\": {\n\t\"l1\": {\n\t\t\"bones\": {\n\t\t\t\"root\": {\n\t\t\t\t\"rotate\": [\n\t\t\t\t\t{ \"time\": 0, \"angle\": 0, \"curve\": \"stepped\" },\n\t\t\t\t\t{ \"time\": 1, \"angle\": 0, \"curve\": \"stepped\" },\n\t\t\t\t\t{ \"time\": 2, \"angle\": 0 }\n\t\t\t\t],\n\t\t\t\t\"translate\": [\n\t\t\t\t\t{ \"time\": 0, \"x\": 0, \"y\": 0, \"curve\": \"stepped\" },\n\t\t\t\t\t{ \"time\": 1, \"x\": 0, \"y\": 0, \"curve\": \"stepped\" },\n\t\t\t\t\t{ \"time\": 2, \"x\": 0, \"y\": 0 }\n\t\t\t\t],\n\t\t\t\t\"scale\": [\n\t\t\t\t\t{ \"time\": 0, \"x\": 1, \"y\": 1, \"curve\": \"stepped\" },\n\t\t\t\t\t{ \"time\": 1, \"x\": 1, \"y\": 1, \"curve\": \"stepped\" },\n\t\t\t\t\t{ \"time\": 2, \"x\": 1, \"y\": 1 }\n\t\t\t\t]\n\t\t\t},\n\t\t\t\"28039\": {\n\t\t\t\t\"rotate\": [\n\t\t\t\t\t{ \"time\": 0, \"angle\": 0, \"curve\": \"stepped\" },\n\t\t\t\t\t{ \"time\": 1, \"angle\": 0, \"curve\": \"stepped\" },\n\t\t\t\t\t{ \"time\": 2, \"angle\": 0 }\n\t\t\t\t],\n\t\t\t\t\"translate\": [\n\t\t\t\t\t{ \"time\": 0, \"x\": 0, \"y\": 0, \"curve\": \"stepped\" },\n\t\t\t\t\t{ \"time\": 1, \"x\": 0, \"y\": 0, \"curve\": \"stepped\" },\n\t\t\t\t\t{ \"time\": 2, \"x\": 0, \"y\": 0 }\n\t\t\t\t],\n\t\t\t\t\"scale\": [\n\t\t\t\t\t{ \"time\": 0, \"x\": 1, \"y\": 1, \"curve\": \"stepped\" },\n\t\t\t\t\t{ \"time\": 1, \"x\": 1, \"y\": 1, \"curve\": \"stepped\" },\n\t\t\t\t\t{ \"time\": 2, \"x\": 1, \"y\": 1 }\n\t\t\t\t]\n\t\t\t},\n\t\t\t\"28040\": {\n\t\t\t\t\"rotate\": [\n\t\t\t\t\t{ \"time\": 0, \"angle\": 0 },\n\t\t\t\t\t{ \"time\": 1, \"angle\": -4.74 },\n\t\t\t\t\t{ \"time\": 2, \"angle\": 0 }\n\t\t\t\t],\n\t\t\t\t\"translate\": [\n\t\t\t\t\t{ \"time\": 0, \"x\": 0, \"y\": 0 },\n\t\t\t\t\t{ \"time\": 1, \"x\": -2.04, \"y\": 0.2 },\n\t\t\t\t\t{ \"time\": 2, \"x\": 0, \"y\": 0 }\n\t\t\t\t],\n\t\t\t\t\"scale\": [\n\t\t\t\t\t{ \"time\": 0, \"x\": 1, \"y\": 1 },\n\t\t\t\t\t{ \"time\": 1, \"x\": 0.98, \"y\": 1 },\n\t\t\t\t\t{ \"time\": 2, \"x\": 1, \"y\": 1 }\n\t\t\t\t]\n\t\t\t},\n\t\t\t\"28041\": {\n\t\t\t\t\"rotate\": [\n\t\t\t\t\t{ \"time\": 0, \"angle\": 3.71 },\n\t\t\t\t\t{ \"time\": 0.3333, \"angle\": 11.75 },\n\t\t\t\t\t{ \"time\": 1, \"angle\": -4.32 },\n\t\t\t\t\t{ \"time\": 1.3333, \"angle\": -12.36 },\n\t\t\t\t\t{ \"time\": 2, \"angle\": 3.71 }\n\t\t\t\t],\n\t\t\t\t\"translate\": [\n\t\t\t\t\t{ \"time\": 0, \"x\": 0, \"y\": 0, \"curve\": \"stepped\" },\n\t\t\t\t\t{ \"time\": 1, \"x\": 0, \"y\": 0, \"curve\": \"stepped\" },\n\t\t\t\t\t{ \"time\": 2, \"x\": 0, \"y\": 0 }\n\t\t\t\t],\n\t\t\t\t\"scale\": [\n\t\t\t\t\t{ \"time\": 0, \"x\": 1, \"y\": 1 },\n\t\t\t\t\t{ \"time\": 1, \"x\": 0.98, \"y\": 1 },\n\t\t\t\t\t{ \"time\": 2, \"x\": 1, \"y\": 1 }\n\t\t\t\t]\n\t\t\t}\n\t\t}\n\t}\n}\n}","_skeletonJson":{"skeleton":{"hash":"dqvm9NPaU+3grTE+N7pA79GTWp0","spine":"3.6.52","width":84.47,"height":120.03,"images":""},"bones":[{"name":"root","scaleX":0.5,"scaleY":0.5},{"name":"28039","parent":"root","x":-40.56,"y":469.08},{"name":"28040","parent":"28039","length":36.51,"rotation":-90.9,"x":-61.51,"y":-72.39},{"name":"28041","parent":"28040","length":49.58,"rotation":-9.83,"x":37.21,"y":-1.45}],"slots":[{"name":"28039","bone":"28041","attachment":"28039"}],"skins":{"default":{},"normal":{"28039":{"28039":{"name":"normal/28039","type":"mesh","uvs":[1,0,0.91536,0,0,0.65356,0,0.70782,0.04925,0.71904,0.13331,0.64876,0.12302,0.70555,0.07326,0.73818,0.11272,0.75993,0.11444,0.79255,0.07901,0.8634,0.02067,0.95402,0.07215,1,0.12191,1,0.1854,0.8779,0.1854,0.79815,0.1957,0.75586,0.23516,0.7329,0.18368,0.70269,0.17854,0.62415,1,0.04818],"triangles":[9,15,14,10,9,14,12,11,10,13,12,10,14,13,10,16,18,17,8,7,6,16,8,6,6,5,18,6,18,16,8,15,9,16,15,8,1,0,20,19,1,20,1,19,2,5,2,19,5,19,18,5,4,2,4,3,2],"vertices":[1,1,80.52,80.95,1,1,1,66.21,80.95,1,1,1,-88.42,-75.97,1,1,1,-88.42,-88.99,1,1,1,-80.09,-91.68,1,1,1,-65.89,-74.81,1,1,2,16.14,-5.87,1,1,2,24.11,-14.15,1,1,2,29.22,-7.4,1,2,2,37.04,-6.99,0.504,3,0.78,-5.48,0.496,1,3,18.61,-8.2,1,1,3,41.81,-13.84,1,1,3,51.03,-3.23,1,1,3,49.47,5.03,1,1,3,18.68,10.11,1,2,2,38.2,5.03,0.504,3,-0.13,6.55,0.496,1,2,28.02,6.6,1,1,2,22.4,13.18,1,1,2,15.29,4.37,1,1,1,-58.25,-68.9,1,1,1,80.52,69.39,1],"hull":21,"edges":[0,2,2,4,4,6,6,8,8,10,10,12,12,14,14,16,16,18,18,20,20,22,22,24,24,26,26,28,28,30,30,32,32,34,34,36,36,38,38,40,0,40],"width":169,"height":240}}}},"animations":{"l1":{"bones":{"28039":{"rotate":[{"time":0,"angle":0,"curve":"stepped"},{"time":1,"angle":0,"curve":"stepped"},{"time":2,"angle":0}],"translate":[{"time":0,"x":0,"y":0,"curve":"stepped"},{"time":1,"x":0,"y":0,"curve":"stepped"},{"time":2,"x":0,"y":0}],"scale":[{"time":0,"x":1,"y":1,"curve":"stepped"},{"time":1,"x":1,"y":1,"curve":"stepped"},{"time":2,"x":1,"y":1}]},"28040":{"rotate":[{"time":0,"angle":0},{"time":1,"angle":-4.74},{"time":2,"angle":0}],"translate":[{"time":0,"x":0,"y":0},{"time":1,"x":-2.04,"y":0.2},{"time":2,"x":0,"y":0}],"scale":[{"time":0,"x":1,"y":1},{"time":1,"x":0.98,"y":1},{"time":2,"x":1,"y":1}]},"28041":{"rotate":[{"time":0,"angle":3.71},{"time":0.3333,"angle":11.75},{"time":1,"angle":-4.32},{"time":1.3333,"angle":-12.36},{"time":2,"angle":3.71}],"translate":[{"time":0,"x":0,"y":0,"curve":"stepped"},{"time":1,"x":0,"y":0,"curve":"stepped"},{"time":2,"x":0,"y":0}],"scale":[{"time":0,"x":1,"y":1},{"time":1,"x":0.98,"y":1},{"time":2,"x":1,"y":1}]},"root":{"rotate":[{"time":0,"angle":0,"curve":"stepped"},{"time":1,"angle":0,"curve":"stepped"},{"time":2,"angle":0}],"translate":[{"time":0,"x":0,"y":0,"curve":"stepped"},{"time":1,"x":0,"y":0,"curve":"stepped"},{"time":2,"x":0,"y":0}],"scale":[{"time":0,"x":1,"y":1,"curve":"stepped"},{"time":1,"x":1,"y":1,"curve":"stepped"},{"time":2,"x":1,"y":1}]}}}}},