{"__type__":"sp.SkeletonData","_name":"11134","skeletonJsonStr":"{\n\"skeleton\": { \"hash\": \"lTW/VRzZJ5QrgAbs+kBB66EHR2M\", \"spine\": \"3.6.52\", \"width\": 78.5, \"height\": 145.51, \"images\": \"\" },\n\"bones\": [\n\t{ \"name\": \"root\", \"scaleX\": 0.5, \"scaleY\": 0.5 },\n\t{ \"name\": \"11134-1-2\", \"parent\": \"root\", \"x\": -3.65, \"y\": 758.72 },\n\t{ \"name\": \"11134-1-1\", \"parent\": \"11134-1-2\", \"length\": 29.16, \"rotation\": -82.65, \"x\": 40.12, \"y\": -167.01 },\n\t{ \"name\": \"11134-1-3\", \"parent\": \"11134-1-1\", \"length\": 43.86, \"rotation\": -6.13, \"x\": 29.16 }\n],\n\"slots\": [\n\t{ \"name\": \"11134-1-2\", \"bone\": \"11134-1-2\", \"attachment\": \"11134-1-2\" },\n\t{ \"name\": \"11134-1-1\", \"bone\": \"11134-1-1\", \"attachment\": \"11134-1-1\" }\n],\n\"skins\": {\n\t\"default\": {},\n\t\"normal\": {\n\t\t\"11134-1-1\": {\n\t\t\t\"11134-1-1\": {\n\t\t\t\t\"name\": \"normal/11134-1-1\",\n\t\t\t\t\"type\": \"mesh\",\n\t\t\t\t\"uvs\": [ 0.20199, 0, 0, 0, 0, 0.1071, 0.21205, 0.24063, 0.5339, 0.41867, 0.63447, 0.5485, 0.6043, 0.71912, 0.6043, 0.88233, 0.7954, 1, 1, 1, 1, 0.85265, 1, 0.65977, 0.92615, 0.51882, 0.80545, 0.35191, 0.49367, 0.17757 ],\n\t\t\t\t\"triangles\": [ 8, 10, 9, 8, 7, 10, 6, 11, 10, 7, 6, 10, 6, 12, 11, 6, 5, 12, 5, 13, 12, 5, 4, 13, 3, 14, 4, 4, 14, 13, 2, 0, 3, 3, 0, 14, 2, 1, 0 ],\n\t\t\t\t\"vertices\": [ 1, 1, 11.16, -100.72, 1, 1, 1, 0.66, -100.72, 1, 1, 1, 0.66, -115.83, 1, 1, 1, 11.68, -134.65, 1, 1, 1, 28.42, -159.76, 1, 1, 2, 10.13, -7.84, 1, 2, 2, 33.79, -12.47, 0.504, 3, 5.94, -11.9, 0.496, 1, 3, 28.95, -12.4, 1, 1, 3, 45.74, -2.82, 1, 1, 3, 45.98, 7.82, 1, 1, 3, 25.2, 8.27, 1, 2, 2, 28.13, 9.01, 0.504, 3, -1.99, 8.85, 0.496, 1, 2, 7.93, 7.74, 1, 1, 1, 42.54, -150.34, 1, 1, 1, 26.32, -125.77, 1 ],\n\t\t\t\t\"hull\": 15,\n\t\t\t\t\"edges\": [ 0, 2, 2, 4, 4, 6, 6, 8, 8, 10, 10, 12, 12, 14, 14, 16, 16, 18, 18, 20, 20, 22, 22, 24, 24, 26, 26, 28, 0, 28, 12, 22, 14, 20, 10, 24, 8, 26, 6, 28 ],\n\t\t\t\t\"width\": 52,\n\t\t\t\t\"height\": 141\n\t\t\t}\n\t\t},\n\t\t\"11134-1-2\": {\n\t\t\t\"11134-1-2\": { \"name\": \"normal/11134-1-2\", \"x\": -26.85, \"y\": -31.72, \"width\": 155, \"height\": 162 }\n\t\t}\n\t}\n},\n\"animations\": {\n\t\"l1\": {\n\t\t\"bones\": {\n\t\t\t\"root\": {\n\t\t\t\t\"rotate\": [\n\t\t\t\t\t{ \"time\": 0, \"angle\": 0, \"curve\": \"stepped\" },\n\t\t\t\t\t{ \"time\": 1, \"angle\": 0, \"curve\": \"stepped\" },\n\t\t\t\t\t{ \"time\": 2, \"angle\": 0 }\n\t\t\t\t],\n\t\t\t\t\"translate\": [\n\t\t\t\t\t{ \"time\": 0, \"x\": 0, \"y\": 0, \"curve\": \"stepped\" },\n\t\t\t\t\t{ \"time\": 1, \"x\": 0, \"y\": 0, \"curve\": \"stepped\" },\n\t\t\t\t\t{ \"time\": 2, \"x\": 0, \"y\": 0 }\n\t\t\t\t],\n\t\t\t\t\"scale\": [\n\t\t\t\t\t{ \"time\": 0, \"x\": 1, \"y\": 1, \"curve\": \"stepped\" },\n\t\t\t\t\t{ \"time\": 1, \"x\": 1, \"y\": 1, \"curve\": \"stepped\" },\n\t\t\t\t\t{ \"time\": 2, \"x\": 1, \"y\": 1 }\n\t\t\t\t]\n\t\t\t},\n\t\t\t\"11134-1-2\": {\n\t\t\t\t\"rotate\": [\n\t\t\t\t\t{ \"time\": 0, \"angle\": 0, \"curve\": \"stepped\" },\n\t\t\t\t\t{ \"time\": 1, \"angle\": 0, \"curve\": \"stepped\" },\n\t\t\t\t\t{ \"time\": 2, \"angle\": 0 }\n\t\t\t\t],\n\t\t\t\t\"translate\": [\n\t\t\t\t\t{ \"time\": 0, \"x\": 0, \"y\": 0, \"curve\": \"stepped\" },\n\t\t\t\t\t{ \"time\": 1, \"x\": 0, \"y\": 0, \"curve\": \"stepped\" },\n\t\t\t\t\t{ \"time\": 2, \"x\": 0, \"y\": 0 }\n\t\t\t\t],\n\t\t\t\t\"scale\": [\n\t\t\t\t\t{ \"time\": 0, \"x\": 1, \"y\": 1, \"curve\": \"stepped\" },\n\t\t\t\t\t{ \"time\": 1, \"x\": 1, \"y\": 1, \"curve\": \"stepped\" },\n\t\t\t\t\t{ \"time\": 2, \"x\": 1, \"y\": 1 }\n\t\t\t\t]\n\t\t\t},\n\t\t\t\"11134-1-1\": {\n\t\t\t\t\"rotate\": [\n\t\t\t\t\t{ \"time\": 0, \"angle\": 0 },\n\t\t\t\t\t{ \"time\": 1, \"angle\": -2.07 },\n\t\t\t\t\t{ \"time\": 2, \"angle\": 0 }\n\t\t\t\t],\n\t\t\t\t\"translate\": [\n\t\t\t\t\t{ \"time\": 0, \"x\": 0, \"y\": 0, \"curve\": \"stepped\" },\n\t\t\t\t\t{ \"time\": 1, \"x\": 0, \"y\": 0, \"curve\": \"stepped\" },\n\t\t\t\t\t{ \"time\": 2, \"x\": 0, \"y\": 0 }\n\t\t\t\t],\n\t\t\t\t\"scale\": [\n\t\t\t\t\t{ \"time\": 0, \"x\": 1, \"y\": 1, \"curve\": \"stepped\" },\n\t\t\t\t\t{ \"time\": 1, \"x\": 1, \"y\": 1, \"curve\": \"stepped\" },\n\t\t\t\t\t{ \"time\": 2, \"x\": 1, \"y\": 1 }\n\t\t\t\t]\n\t\t\t},\n\t\t\t\"11134-1-3\": {\n\t\t\t\t\"rotate\": [\n\t\t\t\t\t{ \"time\": 0, \"angle\": -0.75 },\n\t\t\t\t\t{ \"time\": 0.1667, \"angle\": 0 },\n\t\t\t\t\t{ \"time\": 1.1667, \"angle\": -4.49 },\n\t\t\t\t\t{ \"time\": 2, \"angle\": -0.75 }\n\t\t\t\t],\n\t\t\t\t\"translate\": [\n\t\t\t\t\t{ \"time\": 0, \"x\": 0, \"y\": 0, \"curve\": \"stepped\" },\n\t\t\t\t\t{ \"time\": 0.1667, \"x\": 0, \"y\": 0, \"curve\": \"stepped\" },\n\t\t\t\t\t{ \"time\": 1.1667, \"x\": 0, \"y\": 0, \"curve\": \"stepped\" },\n\t\t\t\t\t{ \"time\": 2, \"x\": 0, \"y\": 0 }\n\t\t\t\t],\n\t\t\t\t\"scale\": [\n\t\t\t\t\t{ \"time\": 0, \"x\": 1, \"y\": 1, \"curve\": \"stepped\" },\n\t\t\t\t\t{ \"time\": 0.1667, \"x\": 1, \"y\": 1, \"curve\": \"stepped\" },\n\t\t\t\t\t{ \"time\": 1.1667, \"x\": 1, \"y\": 1, \"curve\": \"stepped\" },\n\t\t\t\t\t{ \"time\": 2, \"x\": 1, \"y\": 1 }\n\t\t\t\t]\n\t\t\t}\n\t\t}\n\t}\n}\n}","_skeletonJson":{"skeleton":{"hash":"lTW/VRzZJ5QrgAbs+kBB66EHR2M","spine":"3.6.52","width":78.5,"height":145.51,"images":""},"bones":[{"name":"root","scaleX":0.5,"scaleY":0.5},{"name":"11134-1-2","parent":"root","x":-3.65,"y":758.72},{"name":"11134-1-1","parent":"11134-1-2","length":29.16,"rotation":-82.65,"x":40.12,"y":-167.01},{"name":"11134-1-3","parent":"11134-1-1","length":43.86,"rotation":-6.13,"x":29.16}],"slots":[{"name":"11134-1-2","bone":"11134-1-2","attachment":"11134-1-2"},{"name":"11134-1-1","bone":"11134-1-1","attachment":"11134-1-1"}],"skins":{"default":{},"normal":{"11134-1-1":{"11134-1-1":{"name":"normal/11134-1-1","type":"mesh","uvs":[0.20199,0,0,0,0,0.1071,0.21205,0.24063,0.5339,0.41867,0.63447,0.5485,0.6043,0.71912,0.6043,0.88233,0.7954,1,1,1,1,0.85265,1,0.65977,0.92615,0.51882,0.80545,0.35191,0.49367,0.17757],"triangles":[8,10,9,8,7,10,6,11,10,7,6,10,6,12,11,6,5,12,5,13,12,5,4,13,3,14,4,4,14,13,2,0,3,3,0,14,2,1,0],"vertices":[1,1,11.16,-100.72,1,1,1,0.66,-100.72,1,1,1,0.66,-115.83,1,1,1,11.68,-134.65,1,1,1,28.42,-159.76,1,1,2,10.13,-7.84,1,2,2,33.79,-12.47,0.504,3,5.94,-11.9,0.496,1,3,28.95,-12.4,1,1,3,45.74,-2.82,1,1,3,45.98,7.82,1,1,3,25.2,8.27,1,2,2,28.13,9.01,0.504,3,-1.99,8.85,0.496,1,2,7.93,7.74,1,1,1,42.54,-150.34,1,1,1,26.32,-125.77,1],"hull":15,"edges":[0,2,2,4,4,6,6,8,8,10,10,12,12,14,14,16,16,18,18,20,20,22,22,24,24,26,26,28,0,28,12,22,14,20,10,24,8,26,6,28],"width":52,"height":141}},"11134-1-2":{"11134-1-2":{"name":"normal/11134-1-2","x":-26.85,"y":-31.72,"width":155,"height":162}}}},"animations":{"l1":{"bones":{"root":{"rotate":[{"time":0,"angle":0,"curve":"stepped"},{"time":1,"angle":0,"curve":"stepped"},{"time":2,"angle":0}],"translate":[{"time":0,"x":0,"y":0,"curve":"stepped"},{"time":1,"x":0,"y":0,"curve":"stepped"},{"time":2,"x":0,"y":0}],"scale":[{"time":0,"x":1,"y":1,"curve":"stepped"},{"time":1,"x":1,"y":1,"curve":"stepped"},{"time":2,"x":1,"y":1}]},"11134-1-2":{"rotate":[{"time":0,"angle":0,"curve":"stepped"},{"time":1,"angle":0,"curve":"stepped"},{"time":2,"angle":0}],"translate":[{"time":0,"x":0,"y":0,"curve":"stepped"},{"time":1,"x":0,"y":0,"curve":"stepped"},{"time":2,"x":0,"y":0}],"scale":[{"time":0,"x":1,"y":1,"curve":"stepped"},{"time":1,"x":1,"y":1,"curve":"stepped"},{"time":2,"x":1,"y":1}]},"11134-1-1":{"rotate":[{"time":0,"angle":0},{"time":1,"angle":-2.07},{"time":2,"angle":0}],"translate":[{"time":0,"x":0,"y":0,"curve":"stepped"},{"time":1,"x":0,"y":0,"curve":"stepped"},{"time":2,"x":0,"y":0}],"scale":[{"time":0,"x":1,"y":1,"curve":"stepped"},{"time":1,"x":1,"y":1,"curve":"stepped"},{"time":2,"x":1,"y":1}]},"11134-1-3":{"rotate":[{"time":0,"angle":-0.75},{"time":0.1667,"angle":0},{"time":1.1667,"angle":-4.49},{"time":2,"angle":-0.75}],"translate":[{"time":0,"x":0,"y":0,