{"__type__":"sp.SkeletonData","_name":"20061","skeletonJsonStr":"{\n\"skeleton\": { \"hash\": \"OfVwxhUEHdM9eRg7AZT2dPgRz1k\", \"spine\": \"3.6.52\", \"width\": 70.51, \"height\": 71.99, \"images\": \"\" },\n\"bones\": [\n\t{ \"name\": \"root\", \"scaleX\": 0.5, \"scaleY\": 0.5 },\n\t{ \"name\": \"20041\", \"parent\": \"root\", \"x\": -5.08, \"y\": 760.85 },\n\t{ \"name\": \"20042\", \"parent\": \"20041\", \"length\": 31.55, \"rotation\": -102.86, \"x\": -52.27, \"y\": -50.81 },\n\t{ \"name\": \"20043\", \"parent\": \"20042\", \"length\": 21.99, \"rotation\": -11.57, \"x\": 32.43, \"y\": 0.57 },\n\t{ \"name\": \"20044\", \"parent\": \"20043\", \"length\": 17.98, \"rotation\": 4.05, \"x\": 21.78, \"y\": 0.32 },\n\t{ \"name\": \"20045\", \"parent\": \"20041\", \"length\": 24.62, \"rotation\": -86.85, \"x\": 44.5, \"y\": -55.93 },\n\t{ \"name\": \"20046\", \"parent\": \"20045\", \"length\": 32.78, \"rotation\": 11.14, \"x\": 26.1, \"y\": -0.93 },\n\t{ \"name\": \"20047\", \"parent\": \"20046\", \"length\": 20.89, \"rotation\": 2.7, \"x\": 32.91, \"y\": 0.6 }\n],\n\"slots\": [\n\t{ \"name\": \"20041\", \"bone\": \"20047\", \"attachment\": \"20041\" }\n],\n\"skins\": {\n\t\"default\": {},\n\t\"normal\": {\n\t\t\"20041\": {\n\t\t\t\"20041\": {\n\t\t\t\t\"name\": \"normal/20041\",\n\t\t\t\t\"type\": \"mesh\",\n\t\t\t\t\"uvs\": [ 0.1314, 0, 0.03186, 0.11729, 0.01828, 0.25242, 0.05674, 0.3942, 0.14272, 0.40306, 0.10199, 0.59579, 0.03638, 0.76194, 0, 0.81289, 0, 0.91922, 0.04996, 0.94359, 0.12235, 0.8727, 0.11557, 0.78187, 0.18344, 0.63345, 0.21964, 0.42743, 0.32145, 0.43186, 0.42778, 0.36319, 0.51601, 0.14609, 0.59972, 0.25685, 0.69927, 0.28565, 0.73773, 0.39863, 0.8237, 0.45623, 0.82596, 0.64002, 0.88478, 0.85933, 0.88026, 0.9413, 0.92551, 1, 1, 1, 1, 0.88148, 0.96171, 0.84161, 0.91872, 0.62894, 0.90967, 0.44064, 0.96171, 0.38526, 0.93908, 0.17924, 0.878, 0.05962, 0.79203, 0.02639, 0.68569, 0.09728, 0.60877, 0 ],\n\t\t\t\t\"triangles\": [ 24, 26, 25, 24, 23, 26, 27, 23, 22, 23, 27, 26, 22, 28, 27, 22, 21, 28, 21, 20, 28, 9, 8, 10, 10, 7, 11, 11, 7, 6, 7, 10, 8, 11, 6, 5, 12, 11, 5, 12, 5, 13, 20, 19, 29, 29, 19, 30, 13, 4, 0, 4, 3, 2, 4, 2, 1, 15, 0, 16, 17, 34, 18, 31, 34, 32, 32, 34, 33, 34, 31, 18, 17, 16, 34, 16, 35, 34, 16, 0, 35, 14, 13, 15, 15, 13, 0, 4, 1, 0, 19, 18, 30, 18, 31, 30, 5, 4, 13, 20, 29, 28 ],\n\t\t\t\t\"vertices\": [ 1, 1, -58.39, 11.14, 1, 1, 1, -72.42, -5.75, 1, 1, 1, -74.33, -25.21, 1, 1, 1, -68.91, -45.62, 1, 1, 1, -56.79, -46.9, 1, 2, 2, 25.52, -4.7, 0.88806, 3, -5.71, -6.55, 0.11194, 2, 3, 19.89, -5.09, 0.66179, 4, -2.26, -5.26, 0.33821, 1, 4, 6.4, -7.52, 1, 2, 3, 42.64, -0.4, 1.0E-5, 4, 20.75, -2.19, 0.99999, 1, 4, 21.59, 5.63, 1, 2, 3, 29.41, 12.54, 0.03037, 4, 8.47, 11.65, 0.96963, 2, 3, 17.89, 6.26, 0.69953, 4, -3.46, 6.2, 0.30047, 2, 2, 28.25, 7.7, 0.74681, 3, -5.52, 6.15, 0.25319, 1, 1, -45.95, -50.4, 1, 1, 1, -31.59, -51.04, 1, 1, 1, -16.6, -41.15, 1, 1, 1, -4.16, -9.89, 1, 1, 1, 7.64, -25.84, 1, 1, 1, 21.67, -29.99, 1, 1, 1, 27.1, -46.26, 1, 1, 1, 39.22, -54.55, 1, 2, 5, 24.77, -6.33, 0.52144, 6, -2.35, -5.05, 0.47856, 2, 6, 30.3, -4.81, 0.65141, 7, -2.87, -5.27, 0.34859, 2, 6, 41.58, -8.34, 0.02546, 7, 8.24, -9.33, 0.97454, 1, 7, 18.18, -5.7, 1, 1, 7, 21.25, 4.34, 1, 2, 6, 37.4, 10.15, 0.10582, 7, 4.93, 9.33, 0.89418, 2, 6, 30.5, 6.33, 0.59255, 7, -2.14, 5.85, 0.40745, 2, 5, 23.9, 6.82, 0.51914, 6, -0.67, 8.02, 0.48086, 1, 1, 51.34, -52.3, 1, 1, 1, 58.67, -44.33, 1, 1, 1, 55.48, -14.67, 1, 1, 1, 46.87, 2.56, 1, 1, 1, 34.75, 7.34, 1, 1, 1, 19.76, -2.87, 1, 1, 1, 8.91, 11.14, 1 ],\n\t\t\t\t\"hull\": 36,\n\t\t\t\t\"edges\": [ 0, 2, 2, 4, 4, 6, 6, 8, 8, 10, 10, 12, 12, 14, 14, 16, 16, 18, 18, 20, 20, 22, 22, 24, 24, 26, 26, 28, 28, 30, 30, 32, 32, 34, 34, 36, 36, 38, 38, 40, 40, 42, 42, 44, 44, 46, 46, 48, 48, 50, 50, 52, 52, 54, 54, 56, 56, 58, 58, 60, 60, 62, 62, 64, 64, 66, 66, 68, 68, 70, 70, 0 ],\n\t\t\t\t\"width\": 141,\n\t\t\t\t\"height\": 144\n\t\t\t}\n\t\t}\n\t}\n},\n\"animations\": {\n\t\"l1\": {\n\t\t\"bones\": {\n\t\t\t\"root\": {\n\t\t\t\t\"rotate\": [\n\t\t\t\t\t{ \"time\": 0, \"angle\": 0, \"curve\": \"stepped\" },\n\t\t\t\t\t{ \"time\": 1, \"angle\": 0, \"curve\": \"stepped\" },\n\t\t\t\t\t{ \"time\": 2, \"angle\": 0 }\n\t\t\t\t],\n\t\t\t\t\"translate\": [\n\t\t\t\t\t{ \"time\": 0, \"x\": 0, \"y\": 0, \"curve\": \"stepped\" },\n\t\t\t\t\t{ \"time\": 1, \"x\": 0, \"y\": 0, \"curve\": \"stepped\" },\n\t\t\t\t\t{ \"time\": 2, \"x\": 0, \"y\": 0 }\n\t\t\t\t],\n\t\t\t\t\"scale\": [\n\t\t\t\t\t{ \"time\": 0, \"x\": 1, \"y\": 1, \"curve\": \"stepped\" },\n\t\t\t\t\t{ \"time\": 1, \"x\": 1, \"y\": 1, \"curve\": \"stepped\" },\n\t\t\t\t\t{ \"time\": 2, \"x\": 1, \"y\": 1 }\n\t\t\t\t]\n\t\t\t},\n\t\t\t\"20041\": {\n\t\t\t\t\"rotate\": [\n\t\t\t\t\t{ \"time\": 0, \"angle\": 0, \"curve\": \"stepped\" },\n\t\t\t\t\t{ \"time\": 1, \"angle\": 0, \"curve\": \"stepped\" },\n\t\t\t\t\t{ \"time\": 2, \"angle\": 0 }\n\t\t\t\t],\n\t\t\t\t\"translate\": [\n\t\t\t\t\t{ \"time\": 0, \"x\": 0, \"y\": 0, \"curve\": \"stepped\" },\n\t\t\t\t\t{ \"time\": 1, \"x\": 0, \"y\": 0, \"curve\": \"stepped\" },\n\t\t\t\t\t{ \"time\": 2, \"x\": 0, \"y\": 0 }\n\t\t\t\t],\n\t\t\t\t\"scale\": [\n\t\t\t\t\t{ \"time\": 0, \"x\": 1, \"y\": 1, \"curve\": \"stepped\" },\n\t\t\t\t\t{ \"time\": 1, \"x\": 1, \"y\": 1, \"curve\": \"stepped\" },\n\t\t\t\t\t{ \"time\": 2, \"x\": 1, \"y\": 1 }\n\t\t\t\t]\n\t\t\t},\n\t\t\t\"20042\": {\n\t\t\t\t\"rotate\": [\n\t\t\t\t\t{ \"time\": 0, \"angle\": 0 },\n\t\t\t\t\t{ \"time\": 1, \"angle\": -1.64 },\n\t\t\t\t\t{ \"time\": 2, \"angle\": 0 }\n\t\t\t\t],\n\t\t\t\t\"translate\": [\n\t\t\t\t\t{ \"time\": 0, \"x\": 0, \"y\": 0 },\n\t\t\t\t\t{ \"time\": 1, \"x\": -0.82, \"y\": 0 },\n\t\t\t\t\t{ \"time\": 2, \"x\": 0, \"y\": 0 }\n\t\t\t\t],\n\t\t\t\t\"scale\": [\n\t\t\t\t\t{ \"time\": 0, \"x\": 1, \"y\": 1, \"curve\": \"stepped\" },\n\t\t\t\t\t{ \"time\": 1, \"x\": 1, \"y\": 1, \"curve\": \"stepped\" },\n\t\t\t\t\t{ \"time\": 2, \"x\": 1, \"y\": 1 }\n\t\t\t\t]\n\t\t\t},\n\t\t\t\"20045\": {\n\t\t\t\t\"rotate\": [\n\t\t\t\t\t{ \"time\": 0, \"angle\": 0 },\n\t\t\t\t\t{ \"time\": 1, \"angle\": -3.05 },\n\t\t\t\t\t{ \"time\": 2, \"angle\": 0 }\n\t\t\t\t],\n\t\t\t\t\"translate\": [\n\t\t\t\t\t{ \"time\": 0, \"x\": 0, \"y\": 0, \"curve\": \"stepped\" },\n\t\t\t\t\t{ \"time\": 1, \"x\": 0, \"y\": 0, \"curve\": \"stepped\" },\n\t\t\t\t\t{ \"time\": 2, \"x\": 0, \"y\": 0 }\n\t\t\t\t],\n\t\t\t\t\"scale\": [\n\t\t\t\t\t{ \"time\": 0, \"x\": 1, \"y\": 1, \"curve\": \"stepped\" },\n\t\t\t\t\t{ \"time\": 1, \"x\": 1, \"y\": 1, \"curve\": \"stepped\" },\n\t\t\t\t\t{ \"time\": 2, \"x\": 1, \"y\": 1 }\n\t\t\t\t]\n\t\t\t},\n\t\t\t\"20043\": {\n\t\t\t\t\"rotate\": [\n\t\t\t\t\t{ \"time\": 0, \"angle\": 2.4 },\n\t\t\t\t\t{ \"time\": 0.1667, \"angle\": 3.72 },\n\t\t\t\t\t{ \"time\": 1, \"angle\": -3.21 },\n\t\t\t\t\t{ \"time\": 1.1667, \"angle\": -4.59 },\n\t\t\t\t\t{ \"time\": 2, \"angle\": 2.33 }\n\t\t\t\t],\n\t\t\t\t\"translate\": [\n\t\t\t\t\t{ \"time\": 0, \"x\": 0, \"y\": 0, \"curve\": \"stepped\" },\n\t\t\t\t\t{ \"time\": 1, \"x\": 0, \"y\": 0, \"curve\": \"stepped\" },\n\t\t\t\t\t{ \"time\": 2, \"x\": 0, \"y\": 0 }\n\t\t\t\t],\n\t\t\t\t\"scale\": [\n\t\t\t\t\t{ \"time\": 0, \"x\": 1, \"y\": 1, \"curve\": \"stepped\" },\n\t\t\t\t\t{ \"time\": 1, \"x\": 1, \"y\": 1, \"curve\": \"stepped\" },\n\t\t\t\t\t{ \"time\": 2, \"x\": 1, \"y\": 1 }\n\t\t\t\t]\n\t\t\t},\n\t\t\t\"20046\": {\n\t\t\t\t\"rotate\": [\n\t\t\t\t\t{ \"time\": 0, \"angle\": 3.26 },\n\t\t\t\t\t{ \"time\": 0.1667, \"angle\": 5.28 },\n\t\t\t\t\t{ \"time\": 1, \"angle\": -3.74 },\n\t\t\t\t\t{ \"time\": 1.1667, \"angle\": -5.54 },\n\t\t\t\t\t{ \"time\": 2, \"angle\": 3.48 }\n\t\t\t\t],\n\t\t\t\t\"translate\": [\n\t\t\t\t\t{ \"time\": 0, \"x\": 0, \"y\": 0, \"curve\": \"stepped\" },\n\t\t\t\t\t{ \"time\": 1, \"x\": 0, \"y\": 0, \"curve\": \"stepped\" },\n\t\t\t\t\t{ \"time\": 2, \"x\": 0, \"y\": 0 }\n\t\t\t\t],\n\t\t\t\t\"scale\": [\n\t\t\t\t\t{ \"time\": 0, \"x\": 1, \"y\": 1, 