{"__type__":"sp.SkeletonData","_name":"20120","skeletonJsonStr":"{\n\"skeleton\": { \"hash\": \"seTYpzdvw3/Kn80Z/sJZTMsZNLg\", \"spine\": \"3.6.52\", \"width\": 59, \"height\": 49.5, \"images\": \"\" },\n\"bones\": [\n\t{ \"name\": \"root\", \"scaleX\": 0.5, \"scaleY\": 0.5 },\n\t{ \"name\": \"20120\", \"parent\": \"root\", \"x\": 18.63, \"y\": 770.87 },\n\t{ \"name\": \"20121\", \"parent\": \"20120\", \"length\": 10.85, \"rotation\": -90, \"x\": -75.32, \"y\": -44.88 },\n\t{ \"name\": \"20122\", \"parent\": \"20121\", \"length\": 28.23, \"rotation\": 1.89, \"x\": 10.85 }\n],\n\"slots\": [\n\t{ \"name\": \"20120\", \"bone\": \"20120\", \"attachment\": \"20120\" }\n],\n\"skins\": {\n\t\"default\": {},\n\t\"normal\": {\n\t\t\"20120\": {\n\t\t\t\"20120\": {\n\t\t\t\t\"name\": \"normal/20120\",\n\t\t\t\t\"type\": \"mesh\",\n\t\t\t\t\"uvs\": [ 0.00182, 0.55563, 0.03421, 0.59523, 0.07574, 0.60018, 0.07989, 0.67541, 0, 0.83874, 0, 0.88032, 0.09401, 1, 0.13055, 1, 0.21277, 0.87042, 0.21194, 0.83478, 0.11477, 0.67739, 0.11809, 0.59622, 0.21265, 0.50571, 0.60858, 0.28914, 0.6357, 0.32793, 0.67773, 0.33116, 0.71163, 0.31177, 0.82106, 0.45757, 0.90151, 0.58408, 1, 0.61876, 1, 0.56571, 0.95116, 0.46981, 0.8707, 0.26373, 0.83133, 0.23313, 0.82448, 0.15763, 0.75601, 0.04541, 0.65501, 0, 0.6105, 5.2E-4, 0.49751, 0.05153, 0.4376, 0.11886, 0.43589, 0.18008, 0.36399, 0.1964, 0.29551, 0.2923, 0.27326, 0.33923, 0.14658, 0.33719, 0.11406, 0.37391, 0.13289, 0.41472, 0.05757, 0.51674 ],\n\t\t\t\t\"triangles\": [ 7, 6, 8, 8, 5, 9, 9, 4, 10, 9, 5, 4, 10, 4, 3, 8, 6, 5, 10, 3, 2, 11, 10, 2, 11, 2, 37, 2, 1, 37, 11, 37, 12, 1, 0, 37, 37, 36, 12, 12, 33, 13, 12, 36, 33, 33, 36, 34, 36, 35, 34, 18, 20, 19, 18, 21, 20, 18, 17, 21, 13, 33, 30, 31, 30, 32, 32, 30, 33, 17, 22, 21, 22, 16, 23, 22, 17, 16, 16, 15, 13, 15, 14, 13, 16, 24, 23, 24, 13, 25, 24, 16, 13, 25, 13, 26, 13, 27, 26, 13, 30, 28, 30, 29, 28, 13, 28, 27 ],\n\t\t\t\t\"vertices\": [ 1, 1, -86.41, -42.88, 1, 1, 1, -82.59, -46.8, 1, 2, 1, -77.69, -47.29, 0.848, 2, 2.41, -2.37, 0.152, 2, 2, 9.86, -1.88, 0.512, 3, -1.05, -1.85, 0.488, 1, 3, 14.8, -11.8, 1, 1, 3, 18.91, -11.94, 1, 1, 3, 31.12, -1.24, 1, 1, 3, 31.26, 3.07, 1, 1, 3, 18.76, 13.19, 1, 1, 3, 15.23, 13.21, 1, 2, 2, 10.05, 2.24, 0.512, 3, -0.72, 2.26, 0.488, 2, 1, -72.69, -46.9, 0.848, 2, 2.02, 2.63, 0.152, 1, 1, -61.54, -37.94, 1, 1, 1, -14.82, -16.5, 1, 1, 1, -11.62, -20.34, 1, 1, 1, -6.66, -20.66, 1, 1, 1, -2.66, -18.74, 1, 1, 1, 10.26, -33.17, 1, 1, 1, 19.75, -45.69, 1, 1, 1, 31.37, -49.13, 1, 1, 1, 31.37, -43.88, 1, 1, 1, 25.61, -34.38, 1, 1, 1, 16.11, -13.98, 1, 1, 1, 11.47, -10.95, 1, 1, 1, 10.66, -3.48, 1, 1, 1, 2.58, 7.63, 1, 1, 1, -9.34, 12.13, 1, 1, 1, -14.59, 12.08, 1, 1, 1, -27.92, 7.03, 1, 1, 1, -34.99, 0.36, 1, 1, 1, -35.19, -5.7, 1, 1, 1, -43.68, -7.31, 1, 1, 1, -51.76, -16.81, 1, 1, 1, -54.38, -21.45, 1, 1, 1, -69.33, -21.25, 1, 1, 1, -73.17, -24.89, 1, 1, 1, -70.95, -28.93, 1, 1, 1, -79.84, -39.03, 1 ],\n\t\t\t\t\"hull\": 38,\n\t\t\t\t\"edges\": [ 0, 2, 2, 4, 4, 6, 6, 8, 8, 10, 10, 12, 12, 14, 14, 16, 16, 18, 18, 20, 20, 22, 22, 24, 24, 26, 26, 28, 28, 30, 30, 32, 32, 34, 34, 36, 36, 38, 38, 40, 40, 42, 42, 44, 44, 46, 46, 48, 48, 50, 50, 52, 52, 54, 54, 56, 56, 58, 58, 60, 60, 62, 62, 64, 64, 66, 66, 68, 68, 70, 70, 72, 72, 74, 0, 74 ],\n\t\t\t\t\"width\": 118,\n\t\t\t\t\"height\": 99\n\t\t\t}\n\t\t}\n\t}\n},\n\"animations\": {\n\t\"l1\": {\n\t\t\"bones\": {\n\t\t\t\"root\": {\n\t\t\t\t\"rotate\": [\n\t\t\t\t\t{ \"time\": 0, \"angle\": 0, \"curve\": \"stepped\" },\n\t\t\t\t\t{ \"time\": 1, \"angle\": 0, \"curve\": \"stepped\" },\n\t\t\t\t\t{ \"time\": 2, \"angle\": 0 }\n\t\t\t\t],\n\t\t\t\t\"translate\": [\n\t\t\t\t\t{ \"time\": 0, \"x\": 0, \"y\": 0, \"curve\": \"stepped\" },\n\t\t\t\t\t{ \"time\": 1, \"x\": 0, \"y\": 0, \"curve\": \"stepped\" },\n\t\t\t\t\t{ \"time\": 2, \"x\": 0, \"y\": 0 }\n\t\t\t\t],\n\t\t\t\t\"scale\": [\n\t\t\t\t\t{ \"time\": 0, \"x\": 1, \"y\": 1, \"curve\": \"stepped\" },\n\t\t\t\t\t{ \"time\": 1, \"x\": 1, \"y\": 1, \"curve\": \"stepped\" },\n\t\t\t\t\t{ \"time\": 2, \"x\": 1, \"y\": 1 }\n\t\t\t\t]\n\t\t\t},\n\t\t\t\"20120\": {\n\t\t\t\t\"rotate\": [\n\t\t\t\t\t{ \"time\": 0, \"angle\": 0, \"curve\": \"stepped\" },\n\t\t\t\t\t{ \"time\": 2, \"angle\": 0 }\n\t\t\t\t],\n\t\t\t\t\"translate\": [\n\t\t\t\t\t{ \"time\": 0, \"x\": 0, \"y\": 0, \"curve\": \"stepped\" },\n\t\t\t\t\t{ \"time\": 2, \"x\": 0, \"y\": 0 }\n\t\t\t\t],\n\t\t\t\t\"scale\": [\n\t\t\t\t\t{ \"time\": 0, \"x\": 1, \"y\": 1, \"curve\": \"stepped\" },\n\t\t\t\t\t{ \"time\": 2, \"x\": 1, \"y\": 1 }\n\t\t\t\t]\n\t\t\t},\n\t\t\t\"20121\": {\n\t\t\t\t\"rotate\": [\n\t\t\t\t\t{ \"time\": 0, \"angle\": 0 },\n\t\t\t\t\t{ \"time\": 1, \"angle\": -2.54 },\n\t\t\t\t\t{ \"time\": 2, \"angle\": 0 }\n\t\t\t\t],\n\t\t\t\t\"translate\": [\n\t\t\t\t\t{ \"time\": 0, \"x\": 0, \"y\": 0, \"curve\": \"stepped\" },\n\t\t\t\t\t{ \"time\": 2, \"x\": 0, \"y\": 0 }\n\t\t\t\t],\n\t\t\t\t\"scale\": [\n\t\t\t\t\t{ \"time\": 0, \"x\": 1, \"y\": 1, \"curve\": \"stepped\" },\n\t\t\t\t\t{ \"time\": 2, \"x\": 1, \"y\": 1 }\n\t\t\t\t]\n\t\t\t},\n\t\t\t\"20122\": {\n\t\t\t\t\"rotate\": [\n\t\t\t\t\t{ \"time\": 0, \"angle\": 0 },\n\t\t\t\t\t{ \"time\": 0.1667, \"angle\": 1.63 },\n\t\t\t\t\t{ \"time\": 1, \"angle\": -2.32 },\n\t\t\t\t\t{ \"time\": 2, \"angle\": 0 }\n\t\t\t\t],\n\t\t\t\t\"translate\": [\n\t\t\t\t\t{ \"time\": 0, \"x\": 0, \"y\": 0, \"curve\": \"stepped\" },\n\t\t\t\t\t{ \"time\": 2, \"x\": 0, \"y\": 0 }\n\t\t\t\t],\n\t\t\t\t\"scale\": [\n\t\t\t\t\t{ \"time\": 0, \"x\": 1, \"y\": 1, \"curve\": \"stepped\" },\n\t\t\t\t\t{ \"time\": 2, \"x\": 1, \"y\": 1 }\n\t\t\t\t]\n\t\t\t}\n\t\t}\n\t}\n}\n}","_skeletonJson":{"skeleton":{"hash":"seTYpzdvw3/Kn80Z/sJZTMsZNLg","spine":"3.6.52","width":59,"height":49.5,"images":""},"bones":[{"name":"root","scaleX":0.5,"scaleY":0.5},{"name":"20120","parent":"root","x":18.63,"y":770.87},{"name":"20121","parent":"20120","length":10.85,"rotation":-90,"x":-75.32,"y":-44.88},{"name":"20122","parent":"20121","length":28.23,"rotation":1.89,"x":10.85}],"slots":[{"name":"20120","bone":"20120","attachment":"20120"}],"skins":{"default":{},"normal":{"20120":{"20120":{"name":"normal/20120","type":"mesh","uvs":[0.00182,0.55563,0.03421,0.59523,0.07574,0.60018,0.07989,0.67541,0,0.83874,0,0.88032,0.09401,1,0.13055,1,0.21277,0.87042,0.21194,0.83478,0.11477,0.67739,0.11809,0.59622,0.21265,0.50571,0.60858,0.28914,0.6357,0.32793,0.67773,0.33116,0.71163,0.31177,0.82106,0.45757,0.90151,0.58408,1,0.61876,1,0.56571,0.95116,0.46981,0.8707,0.26373,0.83133,0.23313,0.82448,0.15763,0.75601,0.04541,0.65501,0,0.6105,0.00052,0.49751,0.05153,0.4376,0.11886,0.43589,0.18008,0.36399,0.1964,0.29551,0.2923,0.27326,0.33923,0.14658,0.33719,0.11406,0.37391,0.13289,0.41472,0.05757,0.51674],"triangles":[7,6,8,8,5,9,9,4,10,9,5,4,10,4,3,8,6,5,10,3,2,11,10,2,11,2,37,2,1,37,11,37,12,1,0,37,37,36,12,12,33,13,12,36,33,33,36,34,36,35,34,18,20,19,18,21,20,18,17,21,13,33,30,31,30,32,32,30,33,17,22,21,22,16,23,22,17,16,16,15,13,15,14,13,16,24,23,24,13,25,24,16,13,25,13,26,13,27,26,13,30,28,30,29,28,13,28,27],"vertices":[1,1,-86.41,-42.88,1,1,1,-82.59,-46.8,1,2,1,-77.69,-47.29,0.848,2,2.41,-2.37,0.152,2,2,9.86,-1.88,0.512,3,-1.05,-1.85,0.488,1,3,14.8,-11.8,1,1,3,18.91,-11.94,1,1,3,31.12,-1.24,1,1,3,31.26,3.07,1,1,3,18.76,13.19,1,1,3,15.23,13.21,1,2,2,10.05,2.24,0.512,3,-0.72,2.26,0.488,2,1,-72.69,-46.9,0.848,2,2.02,2.63,0.152,1,1,-61.54,-37.94,1,1,1,-14.82,-16.5,1,1,1,-11.62,-20.34,1,1,1,-6.66,-20.66,1,1,1,-2.66,-18.74,1,1,1,10.26,-33.17,1,1,1,19.75,-45.69,1,1,1,31.37,-49.13,1,1,1,31.37,-43.88,1,1,1,25.61,-34.38,1,1,1,16.11,-13.98,1,1,1,11.47,-10.95,1,1,1,10.66,-3.48,1,1,1,2.58,7.63,1,1,1,-9.34,12.13,1,1,1,-14.59,12.08,1,1,1,-27.92,7.03,1,1,1,-34.99,0.36,1,1,1,-35.19,-5.7,1,1,1,-43.68,-7.31,1,1,1,-51.76,-16.81,1,1,1,-54.38,-21.45,1,1,1,-69.33,-21.25,1,1,1,-73.17,-24.89,1,1,1,-70.95,-28.93,1,1,1,-79.84,-39.03,1],"hull":38,