{"__type__":"sp.SkeletonData","_name":"20078","skeletonJsonStr":"{\n\"skeleton\": { \"hash\": \"//Tbpqv5uu0XfJhhtGlWDbIhq6I\", \"spine\": \"3.6.52\", \"width\": 29, \"height\": 41.5, \"images\": \"\" },\n\"bones\": [\n\t{ \"name\": \"root\", \"scaleX\": 0.5, \"scaleY\": 0.5 },\n\t{ \"name\": \"20078-1-1\", \"parent\": \"root\", \"x\": -36.81, \"y\": 757.81 },\n\t{ \"name\": \"20078-1-2\", \"parent\": \"20078-1-1\", \"length\": 21.24, \"rotation\": -90, \"x\": -3.1, \"y\": -22.29 },\n\t{ \"name\": \"20078-1-3\", \"parent\": \"20078-1-2\", \"length\": 24.19, \"rotation\": -0.7, \"x\": 21.53, \"y\": -0.29 }\n],\n\"slots\": [\n\t{ \"name\": \"20078-1-1\", \"bone\": \"20078-1-1\", \"attachment\": \"20078-1-1\" },\n\t{ \"name\": \"20078-1-2\", \"bone\": \"20078-1-1\", \"attachment\": \"20078-1-2\" }\n],\n\"skins\": {\n\t\"default\": {},\n\t\"normal\": {\n\t\t\"20078-1-1\": {\n\t\t\t\"20078-1-1\": { \"name\": \"normal/20078-1-1\", \"x\": -3.19, \"y\": -14.81, \"width\": 58, \"height\": 62 }\n\t\t},\n\t\t\"20078-1-2\": {\n\t\t\t\"20078-1-2\": {\n\t\t\t\t\"name\": \"normal/20078-1-2\",\n\t\t\t\t\"type\": \"mesh\",\n\t\t\t\t\"uvs\": [ 1, 0.30276, 1, 0.55052, 1, 0.77205, 1, 1, 0.46912, 1, 0.37433, 1, 0, 1, 0, 0.65047, 0, 0, 0.35074, 0, 0.44945, 0, 1, 0, 0.44945, 0.54232, 0.36372, 0.55005, 0.29451, 0.6316, 0.45885, 0.761, 0.44945, 0.30276 ],\n\t\t\t\t\"triangles\": [ 5, 14, 15, 15, 1, 2, 15, 12, 1, 13, 12, 15, 4, 15, 2, 5, 15, 4, 4, 2, 3, 12, 16, 0, 1, 12, 0, 16, 9, 10, 10, 11, 0, 16, 10, 0, 16, 13, 9, 8, 13, 7, 13, 8, 9, 14, 7, 13, 14, 13, 15, 6, 7, 14, 6, 14, 5, 12, 13, 16 ],\n\t\t\t\t\"vertices\": [ 2, 1, 7.81, -34.04, 0.272, 2, 11.75, 10.91, 0.728, 2, 2, 23.4, 10.91, 0.504, 3, 1.72, 11.23, 0.496, 1, 3, 12.14, 11.36, 1, 1, 3, 22.85, 11.49, 1, 1, 3, 23.04, -4.44, 1, 2, 1, -10.96, -66.81, 0.464, 3, 23.08, -7.28, 0.536, 1, 1, -22.19, -66.81, 1, 1, 1, -22.19, -50.38, 1, 1, 1, -22.19, -19.81, 1, 1, 1, -11.67, -19.81, 1, 1, 1, -8.71, -19.81, 1, 1, 1, 7.81, -19.81, 1, 2, 2, 23.01, -5.6, 0.504, 3, 1.54, -5.29, 0.496, 1, 1, -11.28, -45.66, 1, 1, 1, -13.36, -49.49, 1, 1, 3, 11.81, -4.88, 1, 2, 1, -8.71, -34.04, 0.272, 2, 11.75, -5.6, 0.728 ],\n\t\t\t\t\"hull\": 12,\n\t\t\t\t\"edges\": [ 20, 22, 6, 8, 16, 18, 18, 20, 8, 10, 10, 12, 26, 18, 12, 14, 14, 16, 28, 26, 14, 28, 8, 30, 30, 24, 2, 4, 4, 6, 20, 32, 32, 24, 2, 0, 0, 22 ],\n\t\t\t\t\"width\": 30,\n\t\t\t\t\"height\": 47\n\t\t\t}\n\t\t}\n\t}\n},\n\"animations\": {\n\t\"l1\": {\n\t\t\"bones\": {\n\t\t\t\"root\": {\n\t\t\t\t\"rotate\": [\n\t\t\t\t\t{ \"time\": 0, \"angle\": 0, \"curve\": \"stepped\" },\n\t\t\t\t\t{ \"time\": 1, \"angle\": 0, \"curve\": \"stepped\" },\n\t\t\t\t\t{ \"time\": 2, \"angle\": 0 }\n\t\t\t\t],\n\t\t\t\t\"translate\": [\n\t\t\t\t\t{ \"time\": 0, \"x\": 0, \"y\": 0, \"curve\": \"stepped\" },\n\t\t\t\t\t{ \"time\": 1, \"x\": 0, \"y\": 0, \"curve\": \"stepped\" },\n\t\t\t\t\t{ \"time\": 2, \"x\": 0, \"y\": 0 }\n\t\t\t\t],\n\t\t\t\t\"scale\": [\n\t\t\t\t\t{ \"time\": 0, \"x\": 1, \"y\": 1, \"curve\": \"stepped\" },\n\t\t\t\t\t{ \"time\": 1, \"x\": 1, \"y\": 1, \"curve\": \"stepped\" },\n\t\t\t\t\t{ \"time\": 2, \"x\": 1, \"y\": 1 }\n\t\t\t\t]\n\t\t\t},\n\t\t\t\"20078-1-1\": {\n\t\t\t\t\"rotate\": [\n\t\t\t\t\t{ \"time\": 0, \"angle\": 0, \"curve\": \"stepped\" },\n\t\t\t\t\t{ \"time\": 2, \"angle\": 0 }\n\t\t\t\t],\n\t\t\t\t\"translate\": [\n\t\t\t\t\t{ \"time\": 0, \"x\": 0, \"y\": 0, \"curve\": \"stepped\" },\n\t\t\t\t\t{ \"time\": 2, \"x\": 0, \"y\": 0 }\n\t\t\t\t],\n\t\t\t\t\"scale\": [\n\t\t\t\t\t{ \"time\": 0, \"x\": 1, \"y\": 1, \"curve\": \"stepped\" },\n\t\t\t\t\t{ \"time\": 2, \"x\": 1, \"y\": 1 }\n\t\t\t\t]\n\t\t\t},\n\t\t\t\"20078-1-2\": {\n\t\t\t\t\"rotate\": [\n\t\t\t\t\t{ \"time\": 0, \"angle\": 0 },\n\t\t\t\t\t{ \"time\": 1, \"angle\": -2.43 },\n\t\t\t\t\t{ \"time\": 2, \"angle\": 0 }\n\t\t\t\t],\n\t\t\t\t\"translate\": [\n\t\t\t\t\t{ \"time\": 0, \"x\": 0, \"y\": 0, \"curve\": \"stepped\" },\n\t\t\t\t\t{ \"time\": 2, \"x\": 0, \"y\": 0 }\n\t\t\t\t],\n\t\t\t\t\"scale\": [\n\t\t\t\t\t{ \"time\": 0, \"x\": 1, \"y\": 1, \"curve\": \"stepped\" },\n\t\t\t\t\t{ \"time\": 2, \"x\": 1, \"y\": 1 }\n\t\t\t\t]\n\t\t\t},\n\t\t\t\"20078-1-3\": {\n\t\t\t\t\"rotate\": [\n\t\t\t\t\t{ \"time\": 0, \"angle\": 0 },\n\t\t\t\t\t{ \"time\": 0.1667, \"angle\": 2.24 },\n\t\t\t\t\t{ \"time\": 1.1667, \"angle\": -4.13 },\n\t\t\t\t\t{ \"time\": 2, \"angle\": 0 }\n\t\t\t\t],\n\t\t\t\t\"translate\": [\n\t\t\t\t\t{ \"time\": 0, \"x\": 0, \"y\": 0, \"curve\": \"stepped\" },\n\t\t\t\t\t{ \"time\": 2, \"x\": 0, \"y\": 0 }\n\t\t\t\t],\n\t\t\t\t\"scale\": [\n\t\t\t\t\t{ \"time\": 0, \"x\": 1, \"y\": 1, \"curve\": \"stepped\" },\n\t\t\t\t\t{ \"time\": 2, \"x\": 1, \"y\": 1 }\n\t\t\t\t]\n\t\t\t}\n\t\t}\n\t}\n}\n}","_skeletonJson":{"skeleton":{"hash":"//Tbpqv5uu0XfJhhtGlWDbIhq6I","spine":"3.6.52","width":29,"height":41.5,"images":""},"bones":[{"name":"root","scaleX":0.5,"scaleY":0.5},{"name":"20078-1-1","parent":"root","x":-36.81,"y":757.81},{"name":"20078-1-2","parent":"20078-1-1","length":21.24,"rotation":-90,"x":-3.1,"y":-22.29},{"name":"20078-1-3","parent":"20078-1-2","length":24.19,"rotation":-0.7,"x":21.53,"y":-0.29}],"slots":[{"name":"20078-1-1","bone":"20078-1-1","attachment":"20078-1-1"},{"name":"20078-1-2","bone":"20078-1-1","attachment":"20078-1-2"}],"skins":{"default":{},"normal":{"20078-1-1":{"20078-1-1":{"name":"normal/20078-1-1","x":-3.19,"y":-14.81,"width":58,"height":62}},"20078-1-2":{"20078-1-2":{"name":"normal/20078-1-2","type":"mesh","uvs":[1,0.30276,1,0.55052,1,0.77205,1,1,0.46912,1,0.37433,1,0,1,0,0.65047,0,0,0.35074,0,0.44945,0,1,0,0.44945,0.54232,0.36372,0.55005,0.29451,0.6316,0.45885,0.761,0.44945,0.30276],"triangles":[5,14,15,15,1,2,15,12,1,13,12,15,4,15,2,5,15,4,4,2,3,12,16,0,1,12,0,16,9,10,10,11,0,16,10,0,16,13,9,8,13,7,13,8,9,14,7,13,14,13,15,6,7,14,6,14,5,12,13,16],"vertices":[2,1,7.81,-34.04,0.272,2,11.75,10.91,0.728,2,2,23.4,10.91,0.504,3,1.72,11.23,0.496,1,3,12.14,11.36,1,1,3,22.85,11.49,1,1,3,23.04,-4.44,1,2,1,-10.96,-66.81,0.464,3,23.08,-7.28,0.536,1,1,-22.19,-66.81,1,1,1,-22.19,-50.38,1,1,1,-22.19,-19.81,1,1,1,-11.67,-19.81,1,1,1,-8.71,-19.81,1,1,1,7.81,-19.81,1,2,2,23.01,-5.6,0.504,3,1.54,-5.29,0.496,1,1,-11.28,-45.66,1,1,1,-13.36,-49.49,1,1,3,11.81,-4.88,1,2,1,-8.71,-34.04,0.272,2,11.75,-5.6,0.728],"hull":12,"edges":[20,22,6,8,16,18,18,20,8,10,10,12,26,18,12,14,14,16,28,26,14,28,8,30,30,24,2,4,4,6,20,32,32,24,2,0,0,22],"width":30,"height":47}}}},"animations":{"l1":{"bones":{"root":{"rotate":[{"time":0,"angle":0,"curve":"stepped"},{"time":1,"angle":0,"curve":"stepped"},{"time":2,"angle":0}],"translate":[{"time":0,"x":0,"y":0,"curve":"stepped"},{"time":1,"x":0,"y":0,"curve":"stepped"},{"time":2,"x":0,"y":0}],"scale":[{"time":0,"x":1,"y":1,"curve":"stepped"},{"time":1,"x":1,"y":1,"curve":"stepped"},{"time":2,"x":1,"y":1}]},"20078-1-1":{"rotate":[{"time":0,"angle":0,"curve":"stepped"},{"time":2,"angle":0}],"translate":[{"time":0,"x":0,"y":0,"curve":"stepped"},{"time":2,"x":0,"y":0}],"scale":[{"time":0,"x":1,"y":1,"curve":"stepped"},{"time":2,"x":1,"y":1}]},"20078-1-2":{"rotate":[{"time":0,"angle":0},{"time":1,"angle":-2.43},{"time":2,"angle":0}],"translate":[{"time":0,"x":0,"y":0,"curve":"stepped"},{"time":2,"x":0,"y":0}],"scale":[{"time":0,"x":1,"y":1,"curve":"stepped"},{"time":2,"x":1,"y":1}]},"20078-1-3":{"rotate":[{"time":0,"angle":0},{"time":0.1667,"angle":2.24},{"time":1.1667,"angle":-4.13},{"time":2,"angle":0}],"translate":[{"time":0,"x":0,"y":0,"curve":"stepped"},{"time":2,"x":0,"y":0}],"scale":[{"time":0,"x":1,"y":1,"curve":"stepped"},{"time":2,"x":1,"y":1}]}}}}},"_atlasText":"\n20078.png\nsize: 64,64\nformat: RGBA8888\nfilter: Linear,Linear\nrepeat: none\nnormal/20078-1-1\n  rotate: false\n  xy: 2, 28\n  size: 29, 31\n  orig: 29, 31\n  offset: 0, 0\n  index: -1\nnormal/20078-1-2\n  rotate: false\n  xy: 2, 2\n  size: 15, 24\n  orig: 15, 24\n  offset: 0, 0\n  index: -1\n","textures":[{"__uuid__":"1bcI1CuIpGrqjbbrvWvNCk"}],"textureNames":["20078.png"]}