{"__type__":"sp.SkeletonData","_name":"12048","skeletonJsonStr":"{\n\"skeleton\": { \"hash\": \"T0cGXEfGHfSP15Pqg49VEVK5R80\", \"spine\": \"3.6.52\", \"width\": 166.5, \"height\": 247.72, \"images\": \"\" },\n\"bones\": [\n\t{ \"name\": \"root\", \"scaleX\": 0.5, \"scaleY\": 0.5 },\n\t{ \"name\": \"12048\", \"parent\": \"root\", \"x\": 6.96, \"y\": 449.96 },\n\t{ \"name\": \"12049\", \"parent\": \"12048\", \"length\": 65.52, \"rotation\": -112.91, \"x\": -78.39, \"y\": -12.08 },\n\t{ \"name\": \"12050\", \"parent\": \"12049\", \"length\": 74.82, \"rotation\": 1.59, \"x\": 65.52 },\n\t{ \"name\": \"12051\", \"parent\": \"12050\", \"length\": 67.09, \"rotation\": -1.02, \"x\": 74.82 },\n\t{ \"name\": \"12052\", \"parent\": \"12051\", \"length\": 55.12, \"rotation\": -4.22, \"x\": 67.09 },\n\t{ \"name\": \"12053\", \"parent\": \"12048\", \"length\": 71.77, \"rotation\": -71.35, \"x\": 62.71, \"y\": -5.28 },\n\t{ \"name\": \"12054\", \"parent\": \"12053\", \"length\": 75.02, \"rotation\": 1.22, \"x\": 71.77 },\n\t{ \"name\": \"12055\", \"parent\": \"12054\", \"length\": 70.44, \"rotation\": -0.13, \"x\": 75.02 },\n\t{ \"name\": \"12056\", \"parent\": \"12055\", \"length\": 43.76, \"rotation\": 4.33, \"x\": 70.44 }\n],\n\"slots\": [\n\t{ \"name\": \"26048\", \"bone\": \"12048\", \"attachment\": \"26048\" },\n\t{ \"name\": \"12048\", \"bone\": \"12048\", \"attachment\": \"12048\" },\n\t{ \"name\": \"13048\", \"bone\": \"12048\", \"attachment\": \"13048\" }\n],\n\"skins\": {\n\t\"default\": {},\n\t\"normal\": {\n\t\t\"12048\": {\n\t\t\t\"12048\": {\n\t\t\t\t\"name\": \"normal/12048\",\n\t\t\t\t\"type\": \"mesh\",\n\t\t\t\t\"uvs\": [ 0.49855, 0.05288, 0.45761, 0.04683, 0.4188, 0.0324, 0.39198, 0.01891, 0.29389, 0.02635, 0.19086, 0.1292, 0.16191, 0.13792, 0.11382, 0.22862, 0.11341, 0.34024, 0.18251, 0.35005, 0.16975, 0.44749, 0.26861, 0.43557, 0.23431, 0.48415, 0.19519, 0.53954, 0.14471, 0.60447, 0.11867, 0.67693, 0.08062, 0.74299, 0.04614, 0.8062, 0, 0.89079, 0, 0.90902, 0.07936, 0.94564, 0.21517, 0.97748, 0.34294, 1, 0.48434, 1, 0.6332, 1, 0.76881, 0.98012, 0.91052, 0.95043, 1, 0.9182, 1, 0.89125, 0.96, 0.81503, 0.93104, 0.75459, 0.89513, 0.68844, 0.85317, 0.61377, 0.81653, 0.54411, 0.78569, 0.48943, 0.74707, 0.42095, 0.67187, 0.30159, 0.70235, 0.33486, 0.77343, 0.34801, 0.80837, 0.41078, 0.84156, 0.40614, 0.91612, 0.35157, 0.92237, 0.30369, 0.88372, 0.28773, 0.82477, 0.28464, 0.8074, 0.25649, 0.77382, 0.24074, 0.72605, 0.23563, 0.70746, 0.14959, 0.6368, 0.03164, 0.55567, 0.02252, 0.54369, 0.0359, 0.52949, 0.04812 ],\n\t\t\t\t\"triangles\": [ 32, 23, 33, 25, 32, 31, 30, 25, 31, 26, 30, 29, 32, 24, 23, 25, 24, 32, 27, 26, 28, 26, 29, 28, 26, 25, 30, 20, 19, 18, 22, 21, 15, 33, 23, 22, 21, 17, 16, 21, 20, 17, 20, 18, 17, 16, 15, 21, 15, 14, 13, 13, 22, 15, 22, 13, 12, 35, 34, 11, 10, 9, 11, 12, 11, 34, 49, 52, 51, 36, 48, 47, 37, 36, 47, 46, 37, 47, 38, 46, 45, 38, 45, 44, 38, 37, 46, 4, 3, 2, 5, 4, 2, 5, 2, 1, 41, 43, 42, 40, 44, 43, 40, 43, 41, 38, 44, 40, 39, 38, 40, 36, 11, 1, 51, 50, 49, 49, 48, 52, 36, 52, 48, 0, 52, 36, 36, 1, 0, 5, 7, 6, 9, 7, 5, 8, 7, 9, 11, 5, 1, 9, 5, 11, 22, 12, 34, 35, 11, 36, 33, 22, 34 ],\n\t\t\t\t\"vertices\": [ 1, 1, -12.95, 177.33, 1, 1, 1, -26.58, 180.39, 1, 1, 1, -39.5, 187.67, 1, 1, 1, -48.43, 194.49, 1, 1, 1, -81.1, 190.73, 1, 1, 1, -115.41, 138.79, 1, 1, 1, -125.05, 134.39, 1, 1, 1, -141.06, 88.58, 1, 1, 1, -141.2, 32.22, 1, 1, 1, -118.19, 27.26, 1, 1, 1, -122.44, -21.95, 1, 1, 1, -89.52, -15.93, 1, 2, 1, -100.94, -40.46, 0.24, 2, 34.92, -9.72, 0.76, 2, 2, 65.75, -10.83, 0.528, 3, -0.06, -10.84, 0.472, 3, 2, 102.5, -13.56, 0.188, 3, 36.59, -14.58, 0.624, 4, -37.96, -15.26, 0.188, 2, 3, 73.84, -9.35, 0.496, 4, -0.81, -9.37, 0.504, 3, 3, 109.52, -9.03, 0.19354, 4, 34.86, -8.41, 0.616, 5, -31.52, -10.76, 0.19046, 2, 4, 68.74, -6.89, 0.496, 5, 2.16, -6.75, 0.504, 1, 5, 47.24, -1.39, 1, 1, 5, 55.48, 2.73, 1, 1, 5, 60.2, 34.64, 1, 2, 5, 54.36, 82.28, 0.792, 9, -26.28, -253.61, 0.208, 2, 5, 45.5, 125.42, 0.632, 9, 1.46, -219.4, 0.368, 2, 5, 24.44, 167.53, 0.512, 9, 20.67, -176.41, 0.488, 2, 5, 2.27, 211.87, 0.392, 9, 40.89, -131.16, 0.608, 2, 5, -26.9, 247.77, 0.256, 9, 50.14, -85.83, 0.744, 1, 9, 55.7, -36.63, 1, 1, 9, 53, -2.78, 1, 1, 9, 40.58, 2.77, 1, 2, 9, 0, 6.31, 0.504, 8, 69.96, 6.29, 0.496, 3, 9, -31.8, 9.96, 0.2016, 8, 37.98, 7.53, 0.6, 7, 113.01, 7.45, 0.1984, 2, 8, 2.5, 7.56, 0.496, 7, 77.53, 7.55, 0.504, 3, 8, -37.72, 7.15, 0.2016, 7, 37.32, 7.23, 0.6, 6, 108.92, 8.03, 0.1984, 2, 7, 0.09, 7.71, 0.48, 6, 71.69, 7.71, 0.52, 2, 1, 82.67, -43.12, 0.768, 6, 42.24, 6.81, 0.232, 1, 1, 69.81, -8.54, 1, 1, 1, 44.77, 51.73, 1, 1, 1, 54.92, 34.93, 1, 1, 1, 78.59, 28.29, 1, 1, 1, 90.22, -3.41, 1, 1, 1, 101.27, -1.07, 1, 1, 1, 126.1, 26.49, 1, 1, 1, 128.18, 50.67, 1, 1, 1, 115.31, 58.73, 1, 1, 1, 95.68, 60.29, 1, 1, 1, 89.9, 74.51, 1, 1, 1, 78.72, 82.46, 1, 1, 1, 62.81, 85.04, 1, 1, 1, 56.62, 128.49, 1, 1, 1, 33.09, 188.06, 1, 1, 1, 6.08, 192.66, 1, 1, 1, 2.08, 185.91, 1, 1, 1, -2.64, 179.74, 1 ],\n\t\t\t\t\"hull\": 53,\n\t\t\t\t\"edges\": [ 0, 2, 2, 4, 4, 6, 6, 8, 8, 10, 10, 12, 12, 14, 14, 16, 16, 18, 18, 20, 20, 22, 36, 38, 38, 40, 40, 42, 42, 44, 48, 50, 50, 52, 52, 54, 54, 56, 70, 72, 72, 74, 74, 76, 76, 78, 78, 80, 80, 82, 82, 84, 84, 86, 86, 88, 88, 90, 90, 92, 92, 94, 94, 96, 96, 98, 98, 100, 100, 102, 102, 104, 0, 104, 26, 28, 64, 66, 22, 24, 24, 26, 66, 68, 68, 70, 28, 30, 30, 32, 60, 62, 62, 64, 32, 34, 34, 36, 56, 58, 58, 60, 44, 46, 46, 48 ],\n\t\t\t\t\"width\": 333,\n\t\t\t\t\"height\": 505\n\t\t\t}\n\t\t},\n\t\t\"13048\": {\n\t\t\t\"13048\": { \"name\": \"normal/13048\", \"x\": -25.46, \"y\": 115.54, \"width\": 163, \"height\": 155 }\n\t\t},\n\t\t\"26048\": {\n\t\t\t\"26048\": { \"name\": \"normal/26048\", \"x\": 119.04, \"y\": 29.04, \"width\": 20, \"height\": 28 }\n\t\t}\n\t}\n},\n\"animations\": {\n\t\"l1\": {\n\t\t\"bones\": {\n\t\t\t\"root\": {\n\t\t\t\t\"rotate\": [\n\t\t\t\t\t{ \"time\": 0, \"angle\": 0, \"curve\": \"stepped\" },\n\t\t\t\t\t{ \"time\": 1, \"angle\": 0, \"curve\": \"stepped\" },\n\t\t\t\t\t{ \"time\": 2, \"angle\": 0 }\n\t\t\t\t],\n\t\t\t\t\"translate\": [\n\t\t\t\t\t{ \"time\": 0, \"x\": 0, \"y\": 0, \"curve\": \"stepped\" },\n\t\t\t\t\t{ \"time\": 1, \"x\": 0, \"y\": 0, \"curve\": \"stepped\" },\n\t\t\t\t\t{ \"time\": 2, \"x\": 0, \"y\": 0 }\n\t\t\t\t],\n\t\t\t\t\"scale\": [\n\t\t\t\t\t{ \"time\": 0, \"x\": 1, \"y\": 1, \"curve\": \"stepped\" },\n\t\t\t\t\t{ \"time\": 1, \"x\": 1, \"y\": 1, \"curve\": \"stepped\" },\n\t\t\t\t\t{ \"time\": 2, \"x\": 1, \"y\": 1 }\n\t\t\t\t]\n\t\t\t},\n\t\t\t\"12048\": {\n\t\t\t\t\"rotate\": [\n\t\t\t\t\t{ \"time\": 0, \"angle\": 0, \"curve\": \"stepped\" },\n\t\t\t\t\t{ \"time\": 2, \"angle\": 0 }\n\t\t\t\t],\n\t\t\t\t\"translate\": [\n\t\t\t\t\t{ \"time\": 0, \"x\": 0, \"y\": 0, \"curve\": \"stepped\" },\n\t\t\t\t\t{ \"time\": 2, \"x\": 0, \"y\": 0 }\n\t\t\t\t],\n\t\t\t\t\"scale\": [\n\t\t\t\t\t{ \"time\": 0, \"x\": 1, \"y\": 1, \"curve\": \"stepped\" },\n\t\t\t\t\t{ \"time\": 2, \"x\": 1, \"y\": 1 }\n\t\t\t\t]\n\t\t\t},\n\t\t\t\"12049\": {\n\t\t\t\t\"rotate\": [\n\t\t\t\t\t{ \"time\": 0, \"angle\": 0 },\n\t\t\t\t\t{ \"time\": 1, \"angle\": -0.67 },\n\t\t\t\t\t{ \"time\": 2, \"angle\": 0 }\n\t\t\t\t],\n\t\t\t\t\"translate\": [\n\t\t\t\t\t{ \"time\": 0, \"x\": 0, \"y\": 0, \"curve\": \"stepped\" },\n\t\t\t\t\t{ \"time\": 2, \"x\": 0, \"y\": 0 }\n\t\t\t\t],\n\t\t\t\t\"scale\": [\n\t\t\t\t\t{ \"time\": 0, \"x\": 1, \"y\": 1, \"curve\": \"stepped\" },\n\t\t\t\t\t{ \"time\": 2, \"x\": 1, \"y\": 1 }\n\t\t\t\t]\n\t\t\t},\n\t\t\t\"12050\": {\n\t\t\t\t\"rotate\": [\n\t\t\t\t\t{ \"time\": 0, \"angle\": 0 },\n\t\t\t\t\t{ \"time\": 0.1667, \"angle\": 0.82 },\n\t\t\t\t\t{ \"time\": 1.1667, \"angle\": -3.48 },\n\t\t\t\t\t{ \"time\": 2, \"angle\": 0 }\n\t\t\t\t],\n\t\t\t\t\"translate\": [\n\t\t\t\t\t{ \"time\": 0, \"x\": 0, \"y\": 0, \"curve\": \"stepped\" },\n\t\t\t\t\t{ \"time\": 2, \"x\": 0, \"y\": 0 }\n\t\t\t\t],\n\t\t\t\t\"scale\": [\n\t\t\t\t\t{ \"time\": 0, 