{"__type__":"sp.SkeletonData","_name":"12056","skeletonJsonStr":"{\n\"skeleton\": { \"hash\": \"JIwpstpku9aytbjslAuZIlDHyqI\", \"spine\": \"3.6.52\", \"width\": 134.5, \"height\": 200.69, \"images\": \"\" },\n\"bones\": [\n\t{ \"name\": \"root\", \"scaleX\": 0.5, \"scaleY\": 0.5 },\n\t{ \"name\": \"12056\", \"parent\": \"root\", \"x\": 14.55, \"y\": 581.39 },\n\t{ \"name\": \"12058\", \"parent\": \"12056\", \"length\": 60.99, \"rotation\": -105.72, \"x\": -76.42, \"y\": -129.43 },\n\t{ \"name\": \"12057\", \"parent\": \"12058\", \"length\": 56.79, \"rotation\": -1.8, \"x\": 60.05, \"y\": -0.86 },\n\t{ \"name\": \"12061\", \"parent\": \"12056\", \"length\": 59.59, \"rotation\": -68.1, \"x\": 33.59, \"y\": -68.44 },\n\t{ \"name\": \"12059\", \"parent\": \"12061\", \"length\": 63.81, \"rotation\": -3.14, \"x\": 60.65, \"y\": -0.43 },\n\t{ \"name\": \"12060\", \"parent\": \"12057\", \"length\": 62.47, \"rotation\": -7.87, \"x\": 57.5, \"y\": -0.37 },\n\t{ \"name\": \"12063\", \"parent\": \"12059\", \"length\": 54.62, \"rotation\": -0.51, \"x\": 65.97, \"y\": -0.73 },\n\t{ \"name\": \"12062\", \"parent\": \"12063\", \"length\": 61.86, \"rotation\": -1.65, \"x\": 55.34, \"y\": 0.36 }\n],\n\"slots\": [\n\t{ \"name\": \"12056\", \"bone\": \"12062\", \"attachment\": \"12056\" },\n\t{ \"name\": \"22056\", \"bone\": \"root\", \"attachment\": \"22056\" },\n\t{ \"name\": \"26056\", \"bone\": \"root\", \"attachment\": \"26056\" }\n],\n\"skins\": {\n\t\"default\": {},\n\t\"normal\": {\n\t\t\"12056\": {\n\t\t\t\"12056\": {\n\t\t\t\t\"name\": \"normal/12056\",\n\t\t\t\t\"type\": \"mesh\",\n\t\t\t\t\"uvs\": [ 0.24255, 0, 0.17963, 0, 0.0683, 0.04548, 0.0562, 0.11686, 0.17237, 0.15086, 0.27401, 0.15766, 0.31999, 0.29194, 0.27643, 0.37353, 0.22561, 0.44831, 0.17721, 0.5503, 0.12638, 0.66078, 0.07314, 0.73387, 0.05862, 0.80866, 0, 0.85285, 0, 0.89874, 0.07072, 0.93104, 0.21351, 0.96673, 0.39259, 0.99053, 0.52812, 0.99053, 0.69026, 0.98883, 0.85725, 0.96673, 1, 0.91404, 1, 0.85965, 0.96131, 0.79506, 0.95163, 0.71177, 0.89355, 0.63019, 0.88629, 0.59109, 0.83063, 0.5214, 0.7798, 0.42316, 0.72656, 0.33817, 0.69026, 0.24298, 0.77254, 0.10531, 0.7314, 0.02372, 0.64186, 0.00162, 0.52812, 0.05091, 0.38533, 0.03902, 0.39999, 0.36731, 0.46668, 0.44114, 0.39057, 0.46965, 0.34853, 0.44419, 0.28038, 0.45794 ],\n\t\t\t\t\"triangles\": [ 28, 37, 29, 27, 19, 18, 20, 19, 25, 21, 20, 22, 23, 20, 25, 20, 23, 22, 23, 25, 24, 18, 17, 38, 16, 12, 11, 17, 16, 10, 15, 13, 12, 16, 15, 12, 15, 14, 13, 25, 27, 26, 27, 25, 19, 38, 10, 9, 11, 10, 16, 17, 10, 38, 9, 40, 38, 9, 8, 40, 40, 39, 38, 39, 40, 7, 40, 8, 7, 29, 37, 30, 36, 6, 34, 36, 34, 30, 34, 6, 35, 6, 5, 35, 34, 33, 30, 31, 33, 32, 31, 30, 33, 5, 4, 0, 4, 1, 0, 5, 0, 35, 3, 2, 4, 4, 2, 1, 37, 36, 30, 7, 6, 36, 37, 18, 38, 37, 38, 36, 38, 39, 36, 39, 7, 36, 27, 37, 28, 18, 37, 27 ],\n\t\t\t\t\"vertices\": [ 1, 1, -83.31, 50.61, 1, 1, 1, -100.24, 50.61, 1, 1, 1, -130.18, 33.19, 1, 1, 1, -133.44, 5.85, 1, 1, 1, -102.19, -7.17, 1, 1, 1, -74.85, -9.77, 1, 1, 1, -62.48, -61.2, 1, 1, 1, -74.2, -92.45, 1, 1, 1, -87.87, -121.09, 1, 3, 2, 36.21, -15.22, 0.98384, 3, -23.38, -15.11, 0.01615, 5, -16.98, -159.73, 1.0E-5, 1, 3, 21.09, -15.4, 1, 2, 3, 52.1, -20.63, 0.75032, 6, -2.58, -20.81, 0.24968, 1, 6, 24.97, -12.05, 1, 1, 6, 47.03, -19.04, 1, 3, 6, 62.9, -11.5, 0.99997, 7, 30.3, -246.79, 1.0E-5, 8, -17.92, -247.77, 2.0E-5, 3, 6, 65.92, 10.99, 0.99141, 7, 48, -232.59, 0.00316, 8, -0.63, -233.07, 0.00542, 2, 6, 61.8, 51.55, 0.91374, 8, 23.44, -200.17, 0.08626, 2, 6, 49.37, 98.98, 0.67987, 8, 45.94, -156.61, 0.32013, 2, 6, 33.73, 131.91, 0.43534, 8, 56.35, -121.67, 0.56466, 2, 6, 14.44, 171.04, 0.18054, 8, 68.19, -79.68, 0.81946, 2, 6, -12.47, 207.98, 0.04056, 8, 72.91, -34.22, 0.95944, 1, 8, 64.54, 8.35, 1, 1, 8, 44.57, 14.3, 1, 1, 8, 17.89, 11.39, 1, 3, 5, 108.57, 17.64, 0.00323, 7, 42.44, 18.75, 0.97717, 8, -13.42, 18.01, 0.0196, 2, 5, 73.96, 12.89, 0.56539, 7, 7.87, 13.69, 0.43461, 1, 5, 59.15, 15.86, 1, 1, 5, 29.06, 10.26, 1, 1, 4, 50.22, 9.58, 1, 1, 4, 14.68, 8.43, 1, 1, 1, 37.13, -42.45, 1, 1, 1, 59.26, 10.28, 1, 1, 1, 48.19, 41.53, 1, 1, 1, 24.11, 49.99, 1, 1, 1, -6.49, 31.11, 1, 1, 1, -44.9, 35.67, 1, 1, 1, -40.96, -90.07, 1, 1, 1, -23.02, -118.35, 1, 1, 1, -43.49, -129.27, 1, 1, 1, -54.8, -119.52, 1, 1, 1, -73.13, -124.78, 1 ],\n\t\t\t\t\"hull\": 36,\n\t\t\t\t\"edges\": [ 0, 2, 2, 4, 4, 6, 6, 8, 8, 10, 10, 12, 12, 14, 14, 16, 16, 18, 18, 20, 20, 22, 22, 24, 24, 26, 26, 28, 28, 30, 30, 32, 32, 34, 34, 36, 36, 38, 38, 40, 40, 42, 42, 44, 44, 46, 46, 48, 48, 50, 50, 52, 52, 54, 54, 56, 56, 58, 58, 60, 60, 62, 62, 64, 64, 66, 66, 68, 68, 70, 0, 70, 16, 80, 80, 78, 78, 76, 76, 74, 74, 72, 72, 14 ],\n\t\t\t\t\"width\": 269,\n\t\t\t\t\"height\": 383\n\t\t\t}\n\t\t},\n\t\t\"22056\": {\n\t\t\t\"22056\": { \"name\": \"normal/22056\", \"x\": -11.5, \"y\": 631, \"width\": 59, \"height\": 46 }\n\t\t},\n\t\t\"26056\": {\n\t\t\t\"26056\": { \"name\": \"normal/26056\", \"x\": 20, \"y\": 484, \"width\": 222, \"height\": 42 }\n\t\t}\n\t}\n},\n\"animations\": {\n\t\"l1\": {\n\t\t\"bones\": {\n\t\t\t\"root\": {\n\t\t\t\t\"rotate\": [\n\t\t\t\t\t{ \"time\": 0, \"angle\": 0, \"curve\": \"stepped\" },\n\t\t\t\t\t{ \"time\": 1, \"angle\": 0, \"curve\": \"stepped\" },\n\t\t\t\t\t{ \"time\": 2, \"angle\": 0 }\n\t\t\t\t],\n\t\t\t\t\"translate\": [\n\t\t\t\t\t{ \"time\": 0, \"x\": 0, \"y\": 0, \"curve\": \"stepped\" },\n\t\t\t\t\t{ \"time\": 1, \"x\": 0, \"y\": 0, \"curve\": \"stepped\" },\n\t\t\t\t\t{ \"time\": 2, \"x\": 0, \"y\": 0 }\n\t\t\t\t],\n\t\t\t\t\"scale\": [\n\t\t\t\t\t{ \"time\": 0, \"x\": 1, \"y\": 1, \"curve\": \"stepped\" },\n\t\t\t\t\t{ \"time\": 1, \"x\": 1, \"y\": 1, \"curve\": \"stepped\" },\n\t\t\t\t\t{ \"time\": 2, \"x\": 1, \"y\": 1 }\n\t\t\t\t]\n\t\t\t},\n\t\t\t\"12056\": {\n\t\t\t\t\"rotate\": [\n\t\t\t\t\t{ \"time\": 0, \"angle\": 0, \"curve\": \"stepped\" },\n\t\t\t\t\t{ \"time\": 1, \"angle\": 0, \"curve\": \"stepped\" },\n\t\t\t\t\t{ \"time\": 2, \"angle\": 0 }\n\t\t\t\t],\n\t\t\t\t\"translate\": [\n\t\t\t\t\t{ \"time\": 0, \"x\": 0, \"y\": 0, \"curve\": \"stepped\" },\n\t\t\t\t\t{ \"time\": 1, \"x\": 0, \"y\": 0, \"curve\": \"stepped\" },\n\t\t\t\t\t{ \"time\": 2, \"x\": 0, \"y\": 0 }\n\t\t\t\t],\n\t\t\t\t\"scale\": [\n\t\t\t\t\t{ \"time\": 0, \"x\": 1, \"y\": 1, \"curve\": \"stepped\" },\n\t\t\t\t\t{ \"time\": 1, \"x\": 1, \"y\": 1, \"curve\": \"stepped\" },\n\t\t\t\t\t{ \"time\": 2, \"x\": 1, \"y\": 1 }\n\t\t\t\t]\n\t\t\t},\n\t\t\t\"12058\": {\n\t\t\t\t\"rotate\": [\n\t\t\t\t\t{ \"time\": 0, \"angle\": 0 },\n\t\t\t\t\t{ \"time\": 1, \"angle\": -1.48 },\n\t\t\t\t\t{ \"time\": 2, \"angle\": 0 }\n\t\t\t\t],\n\t\t\t\t\"translate\": [\n\t\t\t\t\t{ \"time\": 0, \"x\": 0, \"y\": 0, \"curve\": \"stepped\" },\n\t\t\t\t\t{ \"time\": 1, \"x\": 0, \"y\": 0, \"curve\": \"stepped\" },\n\t\t\t\t\t{ \"time\": 2, \"x\": 0, \"y\": 0 }\n\t\t\t\t],\n\t\t\t\t\"scale\": [\n\t\t\t\t\t{ \"time\": 0, \"x\": 1, \"y\": 1, \"curve\": \"stepped\" },\n\t\t\t\t\t{ \"time\": 1, \"x\": 1, \"y\": 1, \"curve\": \"stepped\" },\n\t\t\t\t\t{ \"time\": 2, \"x\": 1, \"y\": 1 }\n\t\t\t\t]\n\t\t\t},\n\t\t\t\"12057\": {\n\t\t\t\t\"rotate\": [\n\t\t\t\t\t{ \"time\": 0, \"angle\": 1.3 },\n\t\t\t\t\t{ \"time\": 0.1667, \"angle\": 2.29 },\n\t\t\t\t\t{ \"time\": 1, \"angle\": -2.67 },\n\t\t\t\t\t{ \"time\": 1.1667, \"angle\": -3.66 },\n\t\t\t\t\t{ \"time\": 2, \"angle\": 1.3 }\n\t\t\t\t],\n\t\t\t\t\"translate\": [\n\t\t\t\t\t{ \"time\": 0, \"x\": 0, \"y\": 0, \"curve\": \"stepped\" },\n\t\t\t\t\t{ \"time\": 1, \"x\": 0, \"y\": 0, \"curve\": \"stepped\" },\n\t\t\t\t\t{ \"time\": 2, \"x\": 0, \"y\": 0 }\n\t\t\t\t],\n\t\t\t\t\"scale\": [\n\t\t\t\t\t{ \"time\": 0, \"x\": 1, \"y\": 1, \"curve\": \"stepped\" },\n\t\t\t\t\t{ \"time\": 1, \"x\": 1, \"y\": 1, \"curve\": \"stepped\" },\n\t\t\t\t\t{ \"time\": 2, \"x\": 1, \"y\": 1 }\n\t\t\t\t]\n\t\t\t},\n\t\t\t\"12060\": {\n\t\t\t\t\"rotate\": [\n\t\t\t\t\t{ \"time\": 0, \"angle\": 0.83 },\n\t\t\t\t\t{ \"time\": 0.3333, \"angle\": 3.14 },