{"__type__":"sp.SkeletonData","_name":"20127","skeletonJsonStr":"{\n\"skeleton\": { \"hash\": \"QLWi0fhdEwCxheSCok0l7BDVX8Y\", \"spine\": \"3.6.52\", \"width\": 39, \"height\": 56, \"images\": \"\" },\n\"bones\": [\n\t{ \"name\": \"root\", \"scaleX\": 0.5, \"scaleY\": 0.5 },\n\t{ \"name\": \"20127\", \"parent\": \"root\", \"x\": -46.57, \"y\": 731.23 },\n\t{ \"name\": \"20088\", \"parent\": \"20127\", \"length\": 27.31, \"rotation\": -124.74, \"x\": -20.4, \"y\": -16.26 },\n\t{ \"name\": \"20087\", \"parent\": \"20088\", \"length\": 24.16, \"rotation\": 15.49, \"x\": 26.81, \"y\": 0.09 },\n\t{ \"name\": \"20090\", \"parent\": \"20087\", \"length\": 26.81, \"rotation\": 21.57, \"x\": 24.28, \"y\": -0.34 }\n],\n\"slots\": [\n\t{ \"name\": \"20086\", \"bone\": \"20090\", \"attachment\": \"20086\" }\n],\n\"skins\": {\n\t\"default\": {},\n\t\"normal\": {\n\t\t\"20086\": {\n\t\t\t\"20086\": {\n\t\t\t\t\"name\": \"normal/20086\",\n\t\t\t\t\"type\": \"mesh\",\n\t\t\t\t\"uvs\": [ 1, 0, 0.57204, 0, 0.31019, 0.13503, 0.32537, 0.27774, 0.13563, 0.3491, 0.09768, 0.44953, 0.14322, 0.6266, 0, 0.69003, 0, 0.79045, 0.04076, 0.94638, 0.11666, 1, 0.19635, 1, 0.17358, 0.9226, 0.19255, 0.83538, 0.0825, 0.74288, 0.19635, 0.72174, 0.32537, 0.74553, 0.34055, 0.67153, 0.26086, 0.6081, 0.31778, 0.52881, 0.3785, 0.44953, 0.51132, 0.39931, 0.92496, 0.28567, 1, 0.12181 ],\n\t\t\t\t\"triangles\": [ 14, 7, 6, 8, 7, 14, 13, 8, 14, 13, 9, 8, 12, 9, 13, 10, 9, 12, 10, 12, 11, 18, 5, 19, 6, 5, 18, 15, 6, 18, 15, 18, 17, 14, 6, 15, 16, 15, 17, 4, 3, 20, 19, 5, 4, 20, 19, 4, 20, 3, 21, 21, 3, 1, 1, 0, 23, 3, 2, 1, 22, 1, 23, 21, 1, 22 ],\n\t\t\t\t\"vertices\": [ 1, 1, 28.57, 19.77, 1, 1, 1, -4.81, 19.77, 1, 1, 1, -25.24, 4.64, 1, 1, 1, -24.05, -11.34, 1, 1, 2, 13.04, -13.42, 1, 1, 2, 23.97, -9.44, 1, 3, 2, 38.24, 4.78, 7.1E-4, 3, 12.27, 1.47, 0.99784, 4, -10.5, 6.1, 0.00144, 2, 3, 22.66, -6.74, 0.07326, 4, -3.86, -5.35, 0.92674, 1, 4, 7.38, -5.81, 1, 1, 4, 24.96, -3.34, 1, 1, 4, 31.2, 2.33, 1, 1, 4, 31.45, 8.54, 1, 1, 4, 22.72, 7.12, 1, 1, 4, 13.02, 8.99, 1, 3, 2, 51.64, 8.31, 0, 3, 26.13, 1.29, 0.16704, 4, 2.32, 0.84, 0.83296, 3, 2, 44.64, 14.26, 3.4E-4, 3, 20.96, 8.89, 0.99938, 4, 0.31, 9.81, 2.8E-4, 3, 2, 41.09, 24.05, 4.0E-4, 3, 20.16, 19.27, 0.99884, 4, 3.38, 19.75, 7.6E-4, 3, 2, 33.6, 20.3, 3.4E-4, 3, 11.95, 17.66, 0.99882, 4, -4.85, 21.27, 8.4E-4, 2, 3, 7.29, 9.45, 0.99932, 4, -12.2, 15.35, 6.8E-4, 3, 2, 21.48, 9.73, 0.35137, 3, -2.56, 10.71, 0.64855, 4, -20.89, 20.15, 8.0E-5, 4, 1, -19.91, -30.58, 0.00199, 2, 11.49, 8.56, 0.93874, 3, -12.5, 12.26, 0.05927, 4, -29.57, 25.24, 0, 1, 1, -9.55, -24.96, 1, 2, 1, 22.72, -12.23, 0.99511, 2, -27.89, 33.13, 0.00489, 1, 1, 28.57, 6.12, 1 ],\n\t\t\t\t\"hull\": 24,\n\t\t\t\t\"edges\": [ 0, 2, 2, 4, 4, 6, 6, 8, 8, 10, 10, 12, 12, 14, 14, 16, 16, 18, 18, 20, 20, 22, 22, 24, 24, 26, 26, 28, 28, 30, 30, 32, 32, 34, 34, 36, 36, 38, 38, 40, 40, 42, 42, 44, 44, 46, 0, 46 ],\n\t\t\t\t\"width\": 78,\n\t\t\t\t\"height\": 112\n\t\t\t}\n\t\t}\n\t}\n},\n\"animations\": {\n\t\"l1\": {\n\t\t\"bones\": {\n\t\t\t\"root\": {\n\t\t\t\t\"rotate\": [\n\t\t\t\t\t{ \"time\": 0, \"angle\": 0, \"curve\": \"stepped\" },\n\t\t\t\t\t{ \"time\": 1, \"angle\": 0, \"curve\": \"stepped\" },\n\t\t\t\t\t{ \"time\": 2, \"angle\": 0 }\n\t\t\t\t],\n\t\t\t\t\"translate\": [\n\t\t\t\t\t{ \"time\": 0, \"x\": 0, \"y\": 0, \"curve\": \"stepped\" },\n\t\t\t\t\t{ \"time\": 1, \"x\": 0, \"y\": 0, \"curve\": \"stepped\" },\n\t\t\t\t\t{ \"time\": 2, \"x\": 0, \"y\": 0 }\n\t\t\t\t],\n\t\t\t\t\"scale\": [\n\t\t\t\t\t{ \"time\": 0, \"x\": 1, \"y\": 1, \"curve\": \"stepped\" },\n\t\t\t\t\t{ \"time\": 1, \"x\": 1, \"y\": 1, \"curve\": \"stepped\" },\n\t\t\t\t\t{ \"time\": 2, \"x\": 1, \"y\": 1 }\n\t\t\t\t]\n\t\t\t},\n\t\t\t\"20127\": {\n\t\t\t\t\"rotate\": [\n\t\t\t\t\t{ \"time\": 0, \"angle\": 0, \"curve\": \"stepped\" },\n\t\t\t\t\t{ \"time\": 1, \"angle\": 0, \"curve\": \"stepped\" },\n\t\t\t\t\t{ \"time\": 2, \"angle\": 0 }\n\t\t\t\t],\n\t\t\t\t\"translate\": [\n\t\t\t\t\t{ \"time\": 0, \"x\": 0, \"y\": 0, \"curve\": \"stepped\" },\n\t\t\t\t\t{ \"time\": 1, \"x\": 0, \"y\": 0, \"curve\": \"stepped\" },\n\t\t\t\t\t{ \"time\": 2, \"x\": 0, \"y\": 0 }\n\t\t\t\t],\n\t\t\t\t\"scale\": [\n\t\t\t\t\t{ \"time\": 0, \"x\": 1, \"y\": 1, \"curve\": \"stepped\" },\n\t\t\t\t\t{ \"time\": 1, \"x\": 1, \"y\": 1, \"curve\": \"stepped\" },\n\t\t\t\t\t{ \"time\": 2, \"x\": 1, \"y\": 1 }\n\t\t\t\t]\n\t\t\t},\n\t\t\t\"20088\": {\n\t\t\t\t\"rotate\": [\n\t\t\t\t\t{ \"time\": 0, \"angle\": 0 },\n\t\t\t\t\t{ \"time\": 1, \"angle\": -5.05 },\n\t\t\t\t\t{ \"time\": 2, \"angle\": 0 }\n\t\t\t\t],\n\t\t\t\t\"translate\": [\n\t\t\t\t\t{ \"time\": 0, \"x\": 0, \"y\": 0, \"curve\": \"stepped\" },\n\t\t\t\t\t{ \"time\": 1, \"x\": 0, \"y\": 0, \"curve\": \"stepped\" },\n\t\t\t\t\t{ \"time\": 2, \"x\": 0, \"y\": 0 }\n\t\t\t\t],\n\t\t\t\t\"scale\": [\n\t\t\t\t\t{ \"time\": 0, \"x\": 1, \"y\": 1, \"curve\": \"stepped\" },\n\t\t\t\t\t{ \"time\": 1, \"x\": 1, \"y\": 1, \"curve\": \"stepped\" },\n\t\t\t\t\t{ \"time\": 2, \"x\": 1, \"y\": 1 }\n\t\t\t\t]\n\t\t\t},\n\t\t\t\"20087\": {\n\t\t\t\t\"rotate\": [\n\t\t\t\t\t{ \"time\": 0, \"angle\": 3.33 },\n\t\t\t\t\t{ \"time\": 0.1667, \"angle\": 5.93 },\n\t\t\t\t\t{ \"time\": 1, \"angle\": -7.08 },\n\t\t\t\t\t{ \"time\": 1.1667, \"angle\": -9.68 },\n\t\t\t\t\t{ \"time\": 2, \"angle\": 3.33 }\n\t\t\t\t],\n\t\t\t\t\"translate\": [\n\t\t\t\t\t{ \"time\": 0, \"x\": 0, \"y\": 0, \"curve\": \"stepped\" },\n\t\t\t\t\t{ \"time\": 1, \"x\": 0, \"y\": 0, \"curve\": \"stepped\" },\n\t\t\t\t\t{ \"time\": 2, \"x\": 0, \"y\": 0 }\n\t\t\t\t],\n\t\t\t\t\"scale\": [\n\t\t\t\t\t{ \"time\": 0, \"x\": 1, \"y\": 1, \"curve\": \"stepped\" },\n\t\t\t\t\t{ \"time\": 1, \"x\": 1, \"y\": 1, \"curve\": \"stepped\" },\n\t\t\t\t\t{ \"time\": 2, \"x\": 1, \"y\": 1 }\n\t\t\t\t]\n\t\t\t},\n\t\t\t\"20090\": {\n\t\t\t\t\"rotate\": [\n\t\t\t\t\t{ \"time\": 0, \"angle\": 1.03 },\n\t\t\t\t\t{ \"time\": 0.3333, \"angle\": 8.5 },\n\t\t\t\t\t{ \"time\": 1, \"angle\": -6.44 },\n\t\t\t\t\t{ \"time\": 1.3333, \"angle\": -13.9 },\n\t\t\t\t\t{ \"time\": 2, \"angle\": 1.03 }\n\t\t\t\t],\n\t\t\t\t\"translate\": [\n\t\t\t\t\t{ \"time\": 0, \"x\": 0, \"y\": 0, \"curve\": \"stepped\" },\n\t\t\t\t\t{ \"time\": 1, \"x\": 0, \"y\": 0, \"curve\": \"stepped\" },\n\t\t\t\t\t{ \"time\": 2, \"x\": 0, \"y\": 0 }\n\t\t\t\t],\n\t\t\t\t\"scale\": [\n\t\t\t\t\t{ \"time\": 0, \"x\": 1, \"y\": 1, \"curve\": \"stepped\" },\n\t\t\t\t\t{ \"time\": 1, \"x\": 1, \"y\": 1, \"curve\": \"stepped\" },\n\t\t\t\t\t{ \"time\": 2, \"x\": 1, \"y\": 1 }\n\t\t\t\t]\n\t\t\t}\n\t\t}\n\t}\n}\n}","_skeletonJson":{"skeleton":{"hash":"QLWi0fhdEwCxheSCok0l7BDVX8Y","spine":"3.6.52","width":39,"height":56,"images":""},"bones":[{"name":"root","scaleX":0.5,"scaleY":0.5},{"name":"20127","parent":"root","x":-46.57,"y":731.23},{"name":"20088","parent":"20127","length":27.31,"rotation":-124.74,"x":-20.4,"y":-16.26},{"name":"20087","parent":"20088","length":24.16,"rotation":15.49,"x":26.81,"y":0.09},{"name":"20090","parent":"20087","length":26.81,"rotation":21.57,"x":24.28,"y":-0.34}],"slots":[{"name":"20086","bone":"20090","attachment":"20086"}],"skins":{"default":{},"normal":{"20086":{"20086":{"name":"normal/20086","type":"mesh","uvs":[1,0,0.57204,0,0.31019,0.13503,0.32537,0.27774,0.13563,0.3491,0.09768,0.44953,0.14322,0.6266,0,0.69003,0,0.79045,0.04076,0.94638,0.11666,1,0.19635,1,0.17358,0.9226,0.19255,0.83538,0.0825,0.74288,0.19635,0.72174,0.32537,0.74553,0.34055,0.67153,0.26086,0.6081,0.31778,0.52881,0.3785,0.44953,0.51132,0.39931,0.92496,0.28567,1,0.12181],"triangles":[14,7,6,8,7,14,13,8,14,13,9,8,12,9,13,10,9,12,10,12,11,18,5,19,6,5,18,15,6,18,15,18,17,14,6,15,16,15,17,4,3,20,19,5,4,20,19,4,20,3,21,21,3,1,1,0,23,3,2,1,22,1,23,21,1,22],