{"__type__":"sp.SkeletonData","_name":"20117","skeletonJsonStr":"{\n\"skeleton\": { \"hash\": \"stdmrTlMJAnhV5zMkHH4/gDfEe4\", \"spine\": \"3.6.52\", \"width\": 59, \"height\": 62.5, \"images\": \"\" },\n\"bones\": [\n\t{ \"name\": \"root\", \"scaleX\": 0.5, \"scaleY\": 0.5 },\n\t{ \"name\": \"20117-1-1\", \"parent\": \"root\", \"x\": -8.92, \"y\": 749.22 },\n\t{ \"name\": \"20117-1-3\", \"parent\": \"20117-1-1\", \"length\": 44.17, \"rotation\": -91.43, \"x\": -44.16, \"y\": 3.86 },\n\t{ \"name\": \"20117-1-2\", \"parent\": \"20117-1-3\", \"length\": 51.9, \"rotation\": 2.65, \"x\": 44.17 }\n],\n\"slots\": [\n\t{ \"name\": \"20117-1-2\", \"bone\": \"20117-1-2\", \"attachment\": \"20117-1-2\" },\n\t{ \"name\": \"20117-1-1\", \"bone\": \"20117-1-1\", \"attachment\": \"20117-1-1\" }\n],\n\"skins\": {\n\t\"default\": {},\n\t\"normal\": {\n\t\t\"20117-1-1\": {\n\t\t\t\"20117-1-1\": { \"name\": \"normal/20117-1-1\", \"x\": -14.08, \"y\": 0.78, \"width\": 112, \"height\": 60 }\n\t\t},\n\t\t\"20117-1-2\": {\n\t\t\t\"20117-1-2\": {\n\t\t\t\t\"name\": \"normal/20117-1-2\",\n\t\t\t\t\"type\": \"mesh\",\n\t\t\t\t\"uvs\": [ 0.3862, 0, 0, 0, 0.01848, 0.18724, 0, 0.32432, 0.10724, 0.38144, 0.05018, 0.60705, 0.20234, 0.78411, 0.51934, 1, 0.75392, 1, 0.74758, 0.8298, 1, 0.79839, 1, 0.62704, 0.94412, 0.41856, 0.91876, 0.13869, 0.63346, 0.0473 ],\n\t\t\t\t\"triangles\": [ 7, 9, 8, 7, 6, 9, 10, 9, 11, 9, 12, 11, 5, 4, 6, 9, 6, 4, 14, 4, 0, 12, 9, 4, 12, 14, 13, 14, 12, 4, 3, 2, 4, 4, 2, 0, 2, 1, 0 ],\n\t\t\t\t\"vertices\": [ 1, 2, -12.59, -12.93, 1, 1, 2, -12.11, -32.23, 1, 1, 2, 8.64, -30.79, 1, 2, 2, 23.88, -31.33, 0.98607, 3, -21.73, -30.36, 0.01393, 2, 2, 30.08, -25.81, 0.91913, 3, -15.27, -25.13, 0.08087, 2, 2, 55.19, -28.04, 0.24362, 3, 9.7, -28.52, 0.75638, 2, 2, 74.64, -19.94, 0.00599, 3, 29.52, -21.33, 0.99401, 1, 3, 53.81, -6, 1, 1, 3, 54.06, 5.73, 1, 1, 3, 35.17, 5.82, 1, 1, 3, 31.95, 18.51, 1, 2, 2, 56.22, 19.49, 0.0873, 3, 12.93, 18.91, 0.9127, 2, 2, 33.15, 16.12, 0.89895, 3, -10.26, 16.61, 0.10105, 1, 2, 2.13, 14.08, 1, 1, 2, -7.65, -0.44, 1 ],\n\t\t\t\t\"hull\": 15,\n\t\t\t\t\"edges\": [ 0, 2, 2, 4, 4, 6, 6, 8, 8, 10, 10, 12, 12, 14, 14, 16, 16, 18, 18, 20, 20, 22, 22, 24, 24, 26, 26, 28, 0, 28 ],\n\t\t\t\t\"width\": 50,\n\t\t\t\t\"height\": 111\n\t\t\t}\n\t\t}\n\t}\n},\n\"animations\": {\n\t\"l1\": {\n\t\t\"bones\": {\n\t\t\t\"root\": {\n\t\t\t\t\"rotate\": [\n\t\t\t\t\t{ \"time\": 0, \"angle\": 0, \"curve\": \"stepped\" },\n\t\t\t\t\t{ \"time\": 1, \"angle\": 0, \"curve\": \"stepped\" },\n\t\t\t\t\t{ \"time\": 2, \"angle\": 0 }\n\t\t\t\t],\n\t\t\t\t\"translate\": [\n\t\t\t\t\t{ \"time\": 0, \"x\": 0, \"y\": 0, \"curve\": \"stepped\" },\n\t\t\t\t\t{ \"time\": 1, \"x\": 0, \"y\": 0, \"curve\": \"stepped\" },\n\t\t\t\t\t{ \"time\": 2, \"x\": 0, \"y\": 0 }\n\t\t\t\t],\n\t\t\t\t\"scale\": [\n\t\t\t\t\t{ \"time\": 0, \"x\": 1, \"y\": 1, \"curve\": \"stepped\" },\n\t\t\t\t\t{ \"time\": 1, \"x\": 1, \"y\": 1, \"curve\": \"stepped\" },\n\t\t\t\t\t{ \"time\": 2, \"x\": 1, \"y\": 1 }\n\t\t\t\t]\n\t\t\t},\n\t\t\t\"20117-1-1\": {\n\t\t\t\t\"rotate\": [\n\t\t\t\t\t{ \"time\": 0, \"angle\": 0, \"curve\": \"stepped\" },\n\t\t\t\t\t{ \"time\": 1, \"angle\": 0, \"curve\": \"stepped\" },\n\t\t\t\t\t{ \"time\": 2, \"angle\": 0 }\n\t\t\t\t],\n\t\t\t\t\"translate\": [\n\t\t\t\t\t{ \"time\": 0, \"x\": 0, \"y\": 0, \"curve\": \"stepped\" },\n\t\t\t\t\t{ \"time\": 1, \"x\": 0, \"y\": 0, \"curve\": \"stepped\" },\n\t\t\t\t\t{ \"time\": 2, \"x\": 0, \"y\": 0 }\n\t\t\t\t],\n\t\t\t\t\"scale\": [\n\t\t\t\t\t{ \"time\": 0, \"x\": 1, \"y\": 1, \"curve\": \"stepped\" },\n\t\t\t\t\t{ \"time\": 1, \"x\": 1, \"y\": 1, \"curve\": \"stepped\" },\n\t\t\t\t\t{ \"time\": 2, \"x\": 1, \"y\": 1 }\n\t\t\t\t]\n\t\t\t},\n\t\t\t\"20117-1-3\": {\n\t\t\t\t\"rotate\": [\n\t\t\t\t\t{ \"time\": 0, \"angle\": 0 },\n\t\t\t\t\t{ \"time\": 1, \"angle\": -2.44 },\n\t\t\t\t\t{ \"time\": 2, \"angle\": 0 }\n\t\t\t\t],\n\t\t\t\t\"translate\": [\n\t\t\t\t\t{ \"time\": 0, \"x\": 0, \"y\": 0, \"curve\": \"stepped\" },\n\t\t\t\t\t{ \"time\": 1, \"x\": 0, \"y\": 0, \"curve\": \"stepped\" },\n\t\t\t\t\t{ \"time\": 2, \"x\": 0, \"y\": 0 }\n\t\t\t\t],\n\t\t\t\t\"scale\": [\n\t\t\t\t\t{ \"time\": 0, \"x\": 1, \"y\": 1, \"curve\": \"stepped\" },\n\t\t\t\t\t{ \"time\": 1, \"x\": 1, \"y\": 1, \"curve\": \"stepped\" },\n\t\t\t\t\t{ \"time\": 2, \"x\": 1, \"y\": 1 }\n\t\t\t\t]\n\t\t\t},\n\t\t\t\"20117-1-2\": {\n\t\t\t\t\"rotate\": [\n\t\t\t\t\t{ \"time\": 0, \"angle\": 3.04 },\n\t\t\t\t\t{ \"time\": 0.1667, \"angle\": 5.01 },\n\t\t\t\t\t{ \"time\": 1, \"angle\": -4.86 },\n\t\t\t\t\t{ \"time\": 1.1667, \"angle\": -6.83 },\n\t\t\t\t\t{ \"time\": 2, \"angle\": 3.04 }\n\t\t\t\t],\n\t\t\t\t\"translate\": [\n\t\t\t\t\t{ \"time\": 0, \"x\": 0, \"y\": 0, \"curve\": \"stepped\" },\n\t\t\t\t\t{ \"time\": 1, \"x\": 0, \"y\": 0, \"curve\": \"stepped\" },\n\t\t\t\t\t{ \"time\": 2, \"x\": 0, \"y\": 0 }\n\t\t\t\t],\n\t\t\t\t\"scale\": [\n\t\t\t\t\t{ \"time\": 0, \"x\": 1, \"y\": 1, \"curve\": \"stepped\" },\n\t\t\t\t\t{ \"time\": 1, \"x\": 1, \"y\": 1, \"curve\": \"stepped\" },\n\t\t\t\t\t{ \"time\": 2, \"x\": 1, \"y\": 1 }\n\t\t\t\t]\n\t\t\t}\n\t\t}\n\t}\n}\n}","_skeletonJson":{"skeleton":{"hash":"stdmrTlMJAnhV5zMkHH4/gDfEe4","spine":"3.6.52","width":59,"height":62.5,"images":""},"bones":[{"name":"root","scaleX":0.5,"scaleY":0.5},{"name":"20117-1-1","parent":"root","x":-8.92,"y":749.22},{"name":"20117-1-3","parent":"20117-1-1","length":44.17,"rotation":-91.43,"x":-44.16,"y":3.86},{"name":"20117-1-2","parent":"20117-1-3","length":51.9,"rotation":2.65,"x":44.17}],"slots":[{"name":"20117-1-2","bone":"20117-1-2","attachment":"20117-1-2"},{"name":"20117-1-1","bone":"20117-1-1","attachment":"20117-1-1"}],"skins":{"default":{},"normal":{"20117-1-1":{"20117-1-1":{"name":"normal/20117-1-1","x":-14.08,"y":0.78,"width":112,"height":60}},"20117-1-2":{"20117-1-2":{"name":"normal/20117-1-2","type":"mesh","uvs":[0.3862,0,0,0,0.01848,0.18724,0,0.32432,0.10724,0.38144,0.05018,0.60705,0.20234,0.78411,0.51934,1,0.75392,1,0.74758,0.8298,1,0.79839,1,0.62704,0.94412,0.41856,0.91876,0.13869,0.63346,0.0473],"triangles":[7,9,8,7,6,9,10,9,11,9,12,11,5,4,6,9,6,4,14,4,0,12,9,4,12,14,13,14,12,4,3,2,4,4,2,0,2,1,0],"vertices":[1,2,-12.59,-12.93,1,1,2,-12.11,-32.23,1,1,2,8.64,-30.79,1,2,2,23.88,-31.33,0.98607,3,-21.73,-30.36,0.01393,2,2,30.08,-25.81,0.91913,3,-15.27,-25.13,0.08087,2,2,55.19,-28.04,0.24362,3,9.7,-28.52,0.75638,2,2,74.64,-19.94,0.00599,3,29.52,-21.33,0.99401,1,3,53.81,-6,1,1,3,54.06,5.73,1,1,3,35.17,5.82,1,1,3,31.95,18.51,1,2,2,56.22,19.49,0.0873,3,12.93,18.91,0.9127,2,2,33.15,16.12,0.89895,3,-10.26,16.61,0.10105,1,2,2.13,14.08,1,1,2,-7.65,-0.44,1],"hull":15,"edges":[0,2,2,4,4,6,6,8,8,10,10,12,12,14,14,16,16,18,18,20,20,22,22,24,24,26,26,28,0,28],"width":50,"height":111}}}},"animations":{"l1":{"bones":{"root":{"rotate":[{"time":0,"angle":0,"curve":"stepped"},{"time":1,"angle":0,"curve":"stepped"},{"time":2,"angle":0}],"translate":[{"time":0,"x":0,"y":0,"curve":"stepped"},{"time":1,"x":0,"y":0,"curve":"stepped"},{"time":2,"x":0,"y":0}],"scale":[{"time":0,"x":1,"y":1,"curve":"stepped"},{"time":1,"x":1,"y":1,"curve":"stepped"},{"time":2,"x":1,"y":1}]},"20117-1-1":{"rotate":[{"time":0,"angle":0,"curve":"stepped"},{"time":1,"angle":0,"curve":"stepped"},{"time":2,"angle":0}],"translate":[{"time":0,"x":0,"y":0,"curve":"stepped"},{"time":1,"x":0,"y":0,"curve":"stepped"},{"time":2,"x":0,"y":0}],"scale":[{"time":0,"x":1,"y":1,"curve":"stepped"},{"time":1,"x":1,"y":1,"curve":"stepped"},{"time":2,"x":1,"y":1}]},"20117-1-3":{"rotate":[{"time":0,"angle":0},{"time":1,"angle":-2.44},{"time":2,"angle":0}],"translate":[{"time":0,"x":0,"y":0,"curve":"stepped"},{"time":1,"x":0,"y":0,"curve":"stepped"},{"time":2,"x":0,"y":0}],"scale":[{"time":0,"x":1,"y":1,"curve":"stepped"},{"time":1,"x":1,"y":1,"curve":"stepped"},{"time":2,"x":1,"y":1}]},"20117-1-2":{"rotate":[{"time":0,"angle":3.04},{"time":0.1667,"angle":5.01},{"time":1,"angle":-4.86},{"time":1.1667,