{"__type__":"sp.SkeletonData","_name":"27103","skeletonJsonStr":"{\n\"skeleton\": { \"hash\": \"8imLjNnRCD1IRJ9MDZev/vbT35E\", \"spine\": \"3.6.52\", \"width\": 142.02, \"height\": 416, \"images\": \"\" },\n\"bones\": [\n\t{ \"name\": \"root\", \"scaleX\": 0.5, \"scaleY\": 0.5 },\n\t{ \"name\": \"27103-1-1\", \"parent\": \"root\", \"x\": 154.06, \"y\": 469.06, \"color\": \"ff0000ff\" },\n\t{ \"name\": \"27103-1-3\", \"parent\": \"27103-1-1\", \"length\": 113.34, \"rotation\": -74.38, \"x\": 18.79, \"y\": 141.91, \"color\": \"ff0000ff\" },\n\t{ \"name\": \"27103-1-5\", \"parent\": \"27103-1-3\", \"length\": 103.4, \"rotation\": 10.45, \"x\": 113.34, \"color\": \"ff0000ff\" },\n\t{ \"name\": \"27103-1-4\", \"parent\": \"27103-1-5\", \"length\": 108.35, \"rotation\": 11.31, \"x\": 104.93, \"y\": -1.5, \"color\": \"ff0000ff\" }\n],\n\"slots\": [\n\t{ \"name\": \"27103-1-3\", \"bone\": \"27103-1-4\", \"attachment\": \"27103-1-3\" },\n\t{ \"name\": \"27103-1-2\", \"bone\": \"27103-1-3\", \"attachment\": \"27103-1-2\" },\n\t{ \"name\": \"27103-1-1\", \"bone\": \"27103-1-1\", \"attachment\": \"27103-1-1\" }\n],\n\"skins\": {\n\t\"default\": {},\n\t\"normal\": {\n\t\t\"27103-1-1\": {\n\t\t\t\"27103-1-1\": { \"name\": \"normal/27103-1-1\", \"x\": -14.56, \"y\": -74.06, \"width\": 189, \"height\": 832 }\n\t\t},\n\t\t\"27103-1-2\": {\n\t\t\t\"27103-1-2\": {\n\t\t\t\t\"name\": \"normal/27103-1-2\",\n\t\t\t\t\"type\": \"mesh\",\n\t\t\t\t\"uvs\": [ 0.73724, 0, 0.47648, 0, 0.37618, 0.19549, 0.36615, 0.36921, 0.0753, 0.45928, 0, 0.60083, 0, 0.76168, 0.19565, 1, 0.55671, 1, 1, 0.85819, 1, 0.53649, 0.657, 0.3499, 0.67706, 0.22123 ],\n\t\t\t\t\"triangles\": [ 7, 3, 8, 9, 8, 10, 8, 3, 11, 7, 6, 3, 4, 3, 5, 8, 11, 10, 3, 6, 5, 3, 2, 11, 11, 2, 12, 2, 1, 12, 12, 1, 0 ],\n\t\t\t\t\"vertices\": [ 1, 1, 30.07, 122.94, 1, 1, 1, 12.34, 122.94, 1, 1, 2, 34.66, -23.47, 1, 1, 2, 52.21, -29.08, 1, 1, 2, 56.08, -50.7, 1, 1, 2, 69.15, -59.67, 1, 1, 2, 85.57, -64.26, 1, 1, 2, 113.48, -58.25, 1, 1, 2, 120.09, -34.6, 1, 1, 2, 113.73, -1.53, 1, 1, 2, 80.89, 7.65, 1, 1, 2, 55.56, -9.49, 1, 1, 2, 42.79, -4.5, 1 ],\n\t\t\t\t\"hull\": 13,\n\t\t\t\t\"edges\": [ 0, 2, 2, 4, 4, 6, 6, 8, 8, 10, 10, 12, 12, 14, 14, 16, 16, 18, 18, 20, 20, 22, 22, 24, 0, 24 ],\n\t\t\t\t\"width\": 68,\n\t\t\t\t\"height\": 106\n\t\t\t}\n\t\t},\n\t\t\"27103-1-3\": {\n\t\t\t\"27103-1-3\": {\n\t\t\t\t\"name\": \"normal/27103-1-3\",\n\t\t\t\t\"type\": \"mesh\",\n\t\t\t\t\"uvs\": [ 0.14017, 0, 0.03457, 0, 0, 0.05332, 0, 0.14053, 0.08297, 0.18748, 0.12257, 0.27692, 0.17097, 0.36637, 0.11377, 0.44016, 0.17097, 0.53184, 0.23257, 0.64588, 0.40857, 0.75544, 0.54937, 0.81358, 0.60217, 0.92315, 0.53617, 1, 0.66377, 1, 0.71657, 0.94774, 1, 0.91644, 1, 0.84041, 0.89697, 0.73532, 0.72097, 0.66824, 0.67257, 0.55867, 0.55817, 0.44687, 0.34257, 0.3932, 0.27217, 0.3373, 0.28537, 0.26127, 0.19297, 0.18077, 0.32937, 0.19419, 0.37337, 0.12264, 0.19297, 0.07792 ],\n\t\t\t\t\"triangles\": [ 15, 19, 18, 19, 15, 11, 11, 10, 20, 19, 11, 20, 13, 12, 14, 14, 12, 15, 15, 18, 16, 15, 12, 11, 18, 17, 16, 9, 22, 10, 10, 21, 20, 10, 22, 21, 7, 6, 8, 22, 8, 6, 22, 6, 23, 9, 8, 22, 6, 5, 23, 23, 5, 24, 27, 26, 28, 25, 4, 28, 4, 0, 28, 26, 25, 28, 5, 4, 25, 5, 25, 24, 0, 4, 2, 0, 2, 1, 4, 3, 2 ],\n\t\t\t\t\"vertices\": [ 1, 1, 41.66, 138.94, 1, 1, 1, 25.29, 138.94, 1, 1, 1, 19.94, 122.67, 1, 1, 1, 19.94, 96.08, 1, 1, 2, 61.71, -2.71, 1, 1, 2, 89.63, -4.14, 1, 2, 2, 117.92, -4.26, 0.504, 3, 3.74, -5.02, 0.496, 1, 3, 20.06, -22.87, 1, 1, 3, 49.07, -27.19, 1, 2, 3, 84.51, -33.89, 0.784, 4, -26.37, -27.76, 0.216, 2, 3, 126.52, -24.07, 0.264, 4, 16.74, -26.36, 0.736, 1, 4, 44.08, -19.78, 1, 1, 4, 75.61, -33.56, 1, 1, 4, 88.03, -55.92, 1, 1, 4, 100.03, -40.2, 1, 1, 4, 92.33, -24.02, 1, 1, 4, 111.41, 16.69, 1, 1, 4, 92.98, 30.76, 1, 1, 4, 57.82, 37.53, 1, 2, 3, 123.9, 31.12, 0.264, 4, 25, 28.27, 0.736, 2, 3, 90.58, 39.06, 0.784, 4, -6.11, 42.59, 0.216, 1, 3, 52.16, 38.11, 1, 1, 3, 22.77, 15.28, 1, 2, 2, 113.61, 13.24, 0.504, 3, 2.66, 12.97, 0.496, 1, 2, 91.83, 21.45, 1, 1, 2, 64.33, 14.27, 1, 1, 2, 73.96, 33.53, 1, 1, 2, 54.78, 45.97, 1, 1, 2, 34.11, 22.71, 1 ],\n\t\t\t\t\"hull\": 29,\n\t\t\t\t\"edges\": [ 0, 2, 2, 4, 4, 6, 6, 8, 8, 10, 10, 12, 12, 14, 14, 16, 16, 18, 18, 20, 20, 22, 22, 24, 24, 26, 26, 28, 28, 30, 30, 32, 32, 34, 34, 36, 36, 38, 38, 40, 40, 42, 42, 44, 44, 46, 46, 48, 48, 50, 50, 52, 52, 54, 54, 56, 0, 56 ],\n\t\t\t\t\"width\": 155,\n\t\t\t\t\"height\": 305\n\t\t\t}\n\t\t}\n\t}\n},\n\"animations\": {\n\t\"l1\": {\n\t\t\"bones\": {\n\t\t\t\"root\": {\n\t\t\t\t\"rotate\": [\n\t\t\t\t\t{ \"time\": 0, \"angle\": 0, \"curve\": \"stepped\" },\n\t\t\t\t\t{ \"time\": 1, \"angle\": 0, \"curve\": \"stepped\" },\n\t\t\t\t\t{ \"time\": 2, \"angle\": 0 }\n\t\t\t\t],\n\t\t\t\t\"translate\": [\n\t\t\t\t\t{ \"time\": 0, \"x\": 0, \"y\": 0, \"curve\": \"stepped\" },\n\t\t\t\t\t{ \"time\": 1, \"x\": 0, \"y\": 0, \"curve\": \"stepped\" },\n\t\t\t\t\t{ \"time\": 2, \"x\": 0, \"y\": 0 }\n\t\t\t\t],\n\t\t\t\t\"scale\": [\n\t\t\t\t\t{ \"time\": 0, \"x\": 1, \"y\": 1, \"curve\": \"stepped\" },\n\t\t\t\t\t{ \"time\": 1, \"x\": 1, \"y\": 1, \"curve\": \"stepped\" },\n\t\t\t\t\t{ \"time\": 2, \"x\": 1, \"y\": 1 }\n\t\t\t\t]\n\t\t\t},\n\t\t\t\"27103-1-1\": {\n\t\t\t\t\"rotate\": [\n\t\t\t\t\t{ \"time\": 0, \"angle\": 0, \"curve\": \"stepped\" },\n\t\t\t\t\t{ \"time\": 1, \"angle\": 0, \"curve\": \"stepped\" },\n\t\t\t\t\t{ \"time\": 2, \"angle\": 0 }\n\t\t\t\t],\n\t\t\t\t\"translate\": [\n\t\t\t\t\t{ \"time\": 0, \"x\": 0, \"y\": 0, \"curve\": \"stepped\" },\n\t\t\t\t\t{ \"time\": 1, \"x\": 0, \"y\": 0, \"curve\": \"stepped\" },\n\t\t\t\t\t{ \"time\": 2, \"x\": 0, \"y\": 0 }\n\t\t\t\t],\n\t\t\t\t\"scale\": [\n\t\t\t\t\t{ \"time\": 0, \"x\": 1, \"y\": 1, \"curve\": \"stepped\" },\n\t\t\t\t\t{ \"time\": 1, \"x\": 1, \"y\": 1, \"curve\": \"stepped\" },\n\t\t\t\t\t{ \"time\": 2, \"x\": 1, \"y\": 1 }\n\t\t\t\t]\n\t\t\t},\n\t\t\t\"27103-1-3\": {\n\t\t\t\t\"rotate\": [\n\t\t\t\t\t{ \"time\": 0, \"angle\": 0 },\n\t\t\t\t\t{ \"time\": 1, \"angle\": -5.68 },\n\t\t\t\t\t{ \"time\": 2, \"angle\": 0 }\n\t\t\t\t],\n\t\t\t\t\"translate\": [\n\t\t\t\t\t{ \"time\": 0, \"x\": 0, \"y\": 0, \"curve\": \"stepped\" },\n\t\t\t\t\t{ \"time\": 1, \"x\": 0, \"y\": 0, \"curve\": \"stepped\" },\n\t\t\t\t\t{ \"time\": 2, \"x\": 0, \"y\": 0 }\n\t\t\t\t],\n\t\t\t\t\"scale\": [\n\t\t\t\t\t{ \"time\": 0, \"x\": 1, \"y\": 1, \"curve\": \"stepped\" },\n\t\t\t\t\t{ \"time\": 1, \"x\": 1, \"y\": 1, \"curve\": \"stepped\" },\n\t\t\t\t\t{ \"time\": 2, \"x\": 1, \"y\": 1 }\n\t\t\t\t]\n\t\t\t},\n\t\t\t\"27103-1-5\": {\n\t\t\t\t\"rotate\": [\n\t\t\t\t\t{ \"time\": 0, \"angle\": 5.53 },\n\t\t\t\t\t{ \"time\": 0.1667, \"angle\": 8.93 },\n\t\t\t\t\t{ \"time\": 1, \"angle\": -8.06 },\n\t\t\t\t\t{ \"time\": 1.1667, \"angle\": -11.46 },\n\t\t\t\t\t{ \"time\": 2, \"angle\": 5.53 }\n\t\t\t\t],\n\t\t\t\t\"translate\": [\n\t\t\t\t\t{ \"time\": 0, \"x\": 0, \"y\": 0, \"curve\": \"stepped\" },\n\t\t\t\t\t{ \"time\": 1, \"x\": 0, \"y\": 0, \"curve\": \"stepped\" },\n\t\t\t\t\t{ \"time\": 2, \"x\": 0, \"y\": 0 }\n\t\t\t\t],\n\t\t\t\t\"scale\": [\n\t\t\t\t\t{ \"time\": 0, \"x\": 1, \"y\": 1, \"curve\": \"stepped\" },\n\t\t\t\t\t{ \"time\": 1, \"x\": 1, \"y\": 1, \"curve\": \"stepped\" },\n\t\t\t\t\t{ \"time\": 2, \"x\": 1, \"y\": 1 }\n\t\t\t\t]\n\t\t\t},\n\t\t\t\"27103-1-4\": {\n\t\t\t\t\"rotate\": [\n\t\t\t\t\t{ \"time\": 0, \"angle\": 5.01 },\n\t\t\t\t\t{ \"time\": 0.3333, \"angle\": 15.01 },\n\t\t\t\t\t{ \"time\": 1, \"angle\": -4.98 },\n\t\t\t\t\t{ \"time\": 1.3333, \"angle\": -14.98 },\n\t\t\t\t\t{ \"time\": 2, \"angle\": 5.01 }\n\t\t\t\t],\n\t\t\t\t\"translate\": [\n\t\t\t\t\t{ \"time\": 0, \"x\": 0, \"y\": 0, \"curve\": \"stepped\" },\n\t\t\t\t\t{ \"time\": 1, \"x\": 0, \"y\": 0, \"curve\": \"stepped\" },\n\t\t\t\t\t{ \"time\": 2, \"x\": 0, \"y\": 0 }\n\t\t\t\t],\n\t\t\t\t\"scale\": [\n\t\t\t\t\t{ \"time\": 0, \"x\": 1, \"y\": 1, \"curve\": \"stepped\" },\n\t\t\t\t\t{ \"time\": 1, \"x\": 1, \"y\": 1, \"curve\": 