{"__type__":"sp.SkeletonData","_name":"29127","skeletonJsonStr":"{\n\"skeleton\": { \"hash\": \"7xHBPtaTCVYqZsxTt7hhTyT5Fr8\", \"spine\": \"3.6.52\", \"width\": 233, \"height\": 121.21, \"images\": \"\" },\n\"bones\": [\n\t{ \"name\": \"root\", \"scaleX\": 0.5, \"scaleY\": 0.5 },\n\t{ \"name\": \"24127\", \"parent\": \"root\", \"x\": -13.78, \"y\": 600.03 },\n\t{ \"name\": \"24086-2-3\", \"parent\": \"24127\", \"length\": 88.88, \"rotation\": 158.93, \"x\": -7.92, \"y\": 14.85 },\n\t{ \"name\": \"24086-2-2\", \"parent\": \"24086-2-3\", \"length\": 103.4, \"rotation\": -5.97, \"x\": 88.8, \"y\": -0.81 },\n\t{ \"name\": \"24086-2-4\", \"parent\": \"24127\", \"length\": 90.99, \"rotation\": 34.47, \"x\": 5.94, \"y\": 9.9 },\n\t{ \"name\": \"24086-2-7\", \"parent\": \"24086-2-4\", \"length\": 73.82, \"rotation\": 3.8, \"x\": 91.04, \"y\": 0.33 },\n\t{ \"name\": \"24086-2-5\", \"parent\": \"24086-2-7\", \"length\": 71.25, \"rotation\": 2.33, \"x\": 73.82 },\n\t{ \"name\": \"24086-2-6\", \"parent\": \"24086-2-2\", \"length\": 111.29, \"rotation\": -5.91, \"x\": 103.1, \"y\": 0.57 }\n],\n\"slots\": [\n\t{ \"name\": \"24086-2-2\", \"bone\": \"24086-2-5\", \"attachment\": \"24086-2-2\" },\n\t{ \"name\": \"24086-2-1\", \"bone\": \"24086-2-6\", \"attachment\": \"24086-2-1\" }\n],\n\"skins\": {\n\t\"default\": {},\n\t\"normal\": {\n\t\t\"24086-2-1\": {\n\t\t\t\"24086-2-1\": {\n\t\t\t\t\"name\": \"normal/24086-2-1\",\n\t\t\t\t\"type\": \"mesh\",\n\t\t\t\t\"uvs\": [ 0.03192, 0, 0, 0, 0, 0.13137, 0.08379, 0.24257, 0.19833, 0.31972, 0.27613, 0.36511, 0.31071, 0.46268, 0.30639, 0.5421, 0.37987, 0.62834, 0.48577, 0.69187, 0.60031, 0.76903, 0.50954, 0.8666, 0.6284, 0.90972, 0.75159, 0.93014, 0.92448, 0.87795, 0.95906, 0.77584, 0.96122, 0.69641, 1, 0.66691, 1, 0.57387, 0.95258, 0.4468, 0.83588, 0.36057, 0.75591, 0.27207, 0.73214, 0.30837, 0.64785, 0.2403, 0.52683, 0.14726, 0.328, 0.10414, 0.16159, 0.07464 ],\n\t\t\t\t\"triangles\": [ 2, 1, 0, 2, 0, 26, 3, 2, 26, 4, 26, 25, 3, 26, 4, 5, 4, 25, 5, 25, 24, 23, 6, 5, 7, 6, 8, 22, 21, 20, 23, 5, 24, 22, 8, 6, 22, 6, 23, 9, 8, 22, 16, 19, 18, 17, 16, 18, 10, 9, 22, 10, 22, 20, 16, 10, 20, 16, 20, 19, 15, 10, 16, 15, 13, 10, 13, 12, 10, 11, 10, 12, 15, 14, 13 ],\n\t\t\t\t\"vertices\": [ 1, 7, 106.36, -9.78, 1, 1, 7, 113.67, -5.04, 1, 1, 7, 95.09, 23.62, 1, 1, 7, 60.17, 35.43, 1, 2, 2, 221.19, 18.79, 1.0E-5, 7, 23.02, 35.26, 0.99999, 3, 2, 197.13, 22.17, 0.00701, 3, 105.35, 34.12, 0.0221, 7, -1.22, 33.6, 0.97089, 3, 2, 179.2, 42.45, 0.06882, 3, 85.41, 52.43, 0.29193, 7, -22.94, 49.76, 0.63925, 3, 2, 172.88, 62.14, 0.13492, 3, 77.07, 71.36, 0.36456, 7, -33.18, 67.72, 0.50052, 3, 2, 146.1, 75.85, 0.27414, 3, 49.01, 82.2, 0.39052, 7, -62.21, 75.63, 0.33534, 3, 2, 113.18, 80.87, 0.56394, 3, 15.75, 83.77, 0.27806, 7, -95.46, 73.76, 0.15801, 3, 2, 76.79, 88.35, 0.92051, 3, -21.22, 87.42, 0.04776, 7, -132.61, 73.58, 0.03174, 2, 2, 90.8, 120.93, 0.98959, 7, -125.62, 108.35, 0.01041, 3, 2, 56.48, 119.72, 0.99181, 3, -44.68, 116.51, 2.6E-4, 7, -158.94, 100.11, 0.00793, 2, 2, 23.19, 112.59, 0.99779, 7, -190.05, 86.27, 0.00221, 1, 2, -15.97, 82.96, 1, 1, 2, -15.24, 54.79, 1, 1, 2, -8.36, 35.31, 1, 1, 2, -15.48, 24.34, 1, 1, 2, -6.79, 1.77, 1, 2, 2, 17.17, -24.41, 0.98615, 3, -68.78, -30.92, 0.01385, 2, 2, 54.96, -33.87, 0.54288, 3, -30.21, -36.41, 0.45712, 2, 2, 83.61, -47.5, 0.04509, 3, -0.31, -46.98, 0.95491, 2, 2, 86.27, -36.35, 0.02311, 3, 1.18, -35.62, 0.97689, 1, 3, 29.72, -40.92, 1, 2, 3, 70.15, -47.44, 0.99997, 7, -27.84, -51.15, 3.0E-5, 2, 3, 123.59, -32.75, 0.33216, 7, 23.81, -31.03, 0.66784, 1, 7, 66.1, -12.76, 1 ],\n\t\t\t\t\"hull\": 27,\n\t\t\t\t\"edges\": [ 0, 2, 2, 4, 4, 6, 6, 8, 8, 10, 10, 12, 12, 14, 14, 16, 16, 18, 18, 20, 20, 22, 22, 24, 24, 26, 26, 28, 28, 30, 30, 32, 32, 34, 34, 36, 36, 38, 38, 40, 40, 42, 42, 44, 44, 46, 46, 48, 48, 50, 50, 52, 0, 52 ],\n\t\t\t\t\"width\": 273,\n\t\t\t\t\"height\": 260\n\t\t\t}\n\t\t},\n\t\t\"24086-2-2\": {\n\t\t\t\"24086-2-2\": {\n\t\t\t\t\"name\": \"normal/24086-2-2\",\n\t\t\t\t\"type\": \"mesh\",\n\t\t\t\t\"uvs\": [ 1, 0, 0.82382, 0.08145, 0.59034, 0.12003, 0.44205, 0.17222, 0.29377, 0.28341, 0.22751, 0.27661, 0.15179, 0.37418, 0.05082, 0.45814, 0, 0.57614, 0, 0.67145, 0.04136, 0.79853, 0.12024, 0.90291, 0.29377, 0.93241, 0.49885, 0.87114, 0.39473, 0.78718, 0.53355, 0.69641, 0.66291, 0.59884, 0.71339, 0.48084, 0.76072, 0.34922, 0.89954, 0.26753, 1, 0.12684 ],\n\t\t\t\t\"triangles\": [ 1, 0, 20, 19, 1, 20, 18, 1, 19, 18, 2, 1, 18, 3, 2, 17, 3, 18, 17, 4, 3, 16, 4, 17, 6, 5, 4, 14, 9, 8, 15, 4, 16, 6, 4, 15, 14, 6, 15, 7, 6, 14, 14, 8, 7, 10, 9, 14, 11, 10, 14, 12, 11, 14, 12, 14, 13 ],\n\t\t\t\t\"vertices\": [ 1, 6, 73.68, 6.05, 1, 1, 6, 34.88, 11.41, 1, 2, 5, 67.72, 31.99, 0.745, 6, -4.79, 32.21, 0.255, 3, 4, 125.96, 41.24, 0.00831, 5, 37.55, 38.51, 0.9878, 6, -34.68, 39.95, 0.00389, 2, 4, 86.73, 33.1, 0.5978, 5, -2.13, 32.99, 0.4022, 2, 4, 77.52, 41.57, 0.79362, 5, -10.76, 42.05, 0.20638, 2, 4, 51.49, 28.67, 0.98558, 5, -37.59, 30.9, 0.01442, 1, 4, 23.57, 21.36, 1, 1, 4, -1.63, 1.45, 1, 1, 4, -15.66, -18.98, 1, 1, 4, -27.98, -50.6, 1, 1, 4, -31.18, -81.32, 1, 2, 4, -8.77, -106.01, 0.99995, 5, -106.64, -99.49, 5.0E-5, 2, 4, 31.86, -114.58, 0.9974, 5, -66.66, -110.74, 0.0026, 2, 4, 28.16, -85.57, 0.97019, 5, -68.43, -81.54, 0.02981, 2, 4, 62.92, -80.8, 0.79056, 5, -33.43, -79.09, 0.20944, 2, 4, 97.23, -73.58, 0.49795, 5, 1.27, -74.15, 0.50205, 2, 4, 122.37, -53.63, 0.19215, 5, 27.69, -55.91, 0.80785, 3, 4, 149.04, -30.43, 0.00575, 5, 55.83, -34.53, 0.87409, 6, -19.38, -33.77, 0.12015, 2, 5, 89.37, -33.93, 0.19059, 6, 14.15, -34.54, 0.80941, 1, 6, 52.22, -18.99, 1 ],\n\t\t\t\t\"hull\": 21,\n\t\t\t\t\"edges\": [ 0, 2, 2, 4, 4, 6, 6, 8, 8, 10, 10, 12, 12, 14, 14, 16, 16, 18, 18, 20, 20, 22, 22, 24, 24, 26, 26, 28, 28, 30, 30, 32, 32, 34, 34, 36, 36, 38, 38, 40, 0, 40 ],\n\t\t\t\t\"width\": 187,\n\t\t\t\t\"height\": 260\n\t\t\t}\n\t\t}\n\t}\n},\n\"animations\": {\n\t\"l1\": {\n\t\t\"bones\": {\n\t\t\t\"root\": {\n\t\t\t\t\"rotate\": [\n\t\t\t\t\t{ \"time\": 0, \"angle\": 0, \"curve\": \"stepped\" },\n\t\t\t\t\t{ \"time\": 1, \"angle\": 0, \"curve\": \"stepped\" },\n\t\t\t\t\t{ \"time\": 2, \"angle\": 0 }\n\t\t\t\t],\n\t\t\t\t\"translate\": [\n\t\t\t\t\t{ \"time\": 0, \"x\": 0, \"y\": 0, \"curve\": \"stepped\" },\n\t\t\t\t\t{ \"time\": 1, \"x\": 0, \"y\": 0, \"curve\": \"stepped\" },\n\t\t\t\t\t{ \"time\": 2, \"x\": 0, \"y\": 0 }\n\t\t\t\t],\n\t\t\t\t\"scale\": [\n\t\t\t\t\t{ \"time\": 0, \"x\": 1, \"y\": 1, \"curve\": \"stepped\" },\n\t\t\t\t\t{ \"time\": 1, \"x\": 1, \"y\": 1, \"curve\": \"stepped\" },\n\t\t\t\t\t{ \"time\": 2, \"x\": 1, \"y\": 1 }\n\t\t\t\t]\n\t\t\t},\n\t\t\t\"24127\": {\n\t\t\t\t\"rotate\": [\n\t\t\t\t\t{ \"time\": 0, \"angle\": 0, \"curve\": \"stepped\" },\n\t\t\t\t\t{ \"time\": 1, \"angle\": 0, \"curve\": \"stepped\" },\n\t\t\t\t\t{ \"time\": 2, \"angle\": 0 }\n\t\t\t\t],\n\t\t\t\t\"translate\": [\n\t\t\t\t\t{ \"time\": 0, \"x\": 0, \"y\": 0, \"curve\": \"stepped\" },\n\t\t\t\t\t{ \"time\": 1, \"x\": 0, \"y\": 0, \"curve\": \"stepped\" },\n\t\t\t\t\t{ \"time\": 2, \"x\": 0, \"y\": 0 }\n\t\t\t\t],\n\t\t\t\t\"scale\": [\n\t\t\t\t\t{ \"time\": 0, \"x\": 1, \"y\": 1, \"curve\": \"stepped\" },\n\t\t\t\t\t{ \"time\": 1, \"x\": 1, \"y\": 1, \"curve\": \"stepped\" },\n\t\t\t\t\t{ \"time\": 2, \"x\": 1, \"y\": 1 }\n\t\t\t\t]\n\t\t\t},\n\t\t\t\"24086-2-3\": {\n\t\t\t\t\"rotate\": [\n\t\t\t\t\t{ \"time\": 0, \"angle\": 0 },\n\t\t\t\t\t{ \"time\": 1, \"angle\": -10.12 },\n\t\t\t\t\t{ \"time\": 2, \"angle\": 0 }\n\t\t\t\t],\n\t\t\t\t\"translate\": [\n\t\t\t\t\t{ \"time\": 0, \"x\": 0, \"y\": 0 },\n\t\t\t\t\t{ \"time\": 1, \"x\": 9.07, \"y\": 0 },\n\t\t\t\t\t{ \"time\": 2, \"x\": 0, \"y\": 0 }\n\t\t\t\t],\n\t\t\t\t\"scale\": [\n\t\t\t\t\t{ \"time\": 0, \"x\": 1, \"y\": 1, \"curve\": \"stepped\" },\n\t\t\t\t\t{ \"time\": 1, \"x\": 1, \"y\": 1, \"curve\": \"stepped\" },\n\t\t\t\t\t{ \"time\": 2, \"x\": 1, \"y\": 1 }\n\t\t\t\t]\n\t\t\t},\n\t\t\t\"24086-2-2\": 