{"__type__":"sp.SkeletonData","_name":"27134","skeletonJsonStr":"{\n\"skeleton\": { \"hash\": \"NISRdpcrH2gjOVflgNoPMRqG5vo\", \"spine\": \"3.6.52\", \"width\": 107, \"height\": 131, \"images\": \"\" },\n\"bones\": [\n\t{ \"name\": \"root\", \"scaleX\": 0.5, \"scaleY\": 0.5 },\n\t{ \"name\": \"27134-1-1\", \"parent\": \"root\", \"x\": 152.61, \"y\": 463.38 },\n\t{ \"name\": \"27134-1-3\", \"parent\": \"27134-1-1\", \"length\": 34.57, \"rotation\": -88.73, \"x\": 139.01, \"y\": 68.35 },\n\t{ \"name\": \"27134-1-5\", \"parent\": \"27134-1-3\", \"length\": 67.59, \"rotation\": -0.62, \"x\": 34.57 },\n\t{ \"name\": \"27134-1-4\", \"parent\": \"27134-1-5\", \"length\": 62.98, \"rotation\": 0.05, \"x\": 65.28, \"y\": -0.74 },\n\t{ \"name\": \"27134-1-6\", \"parent\": \"27134-1-4\", \"length\": 39.17, \"rotation\": -0.7, \"x\": 62.98 },\n\t{ \"name\": \"27134-1-7\", \"parent\": \"27134-1-6\", \"length\": 34.56, \"x\": 39.17 }\n],\n\"slots\": [\n\t{ \"name\": \"27134-1-4\", \"bone\": \"27134-1-4\", \"attachment\": \"27134-1-4\" },\n\t{ \"name\": \"27134-1-3\", \"bone\": \"27134-1-5\", \"attachment\": \"27134-1-3\" },\n\t{ \"name\": \"27134-1-2\", \"bone\": \"27134-1-3\", \"attachment\": \"27134-1-2\" },\n\t{ \"name\": \"27134-1-1\", \"bone\": \"27134-1-1\", \"attachment\": \"27134-1-1\" }\n],\n\"skins\": {\n\t\"default\": {},\n\t\"normal\": {\n\t\t\"27134-1-1\": {\n\t\t\t\"27134-1-1\": { \"name\": \"normal/27134-1-1\", \"x\": 65.39, \"y\": 37.12, \"width\": 190, \"height\": 113 }\n\t\t},\n\t\t\"27134-1-2\": {\n\t\t\t\"27134-1-2\": { \"name\": \"normal/27134-1-2\", \"x\": 18.25, \"y\": 0.47, \"rotation\": 88.73, \"width\": 3, \"height\": 33 }\n\t\t},\n\t\t\"27134-1-3\": {\n\t\t\t\"27134-1-3\": { \"name\": \"normal/27134-1-3\", \"x\": 32.7, \"y\": 1.74, \"rotation\": 89.35, \"width\": 85, \"height\": 85 }\n\t\t},\n\t\t\"27134-1-4\": {\n\t\t\t\"27134-1-4\": {\n\t\t\t\t\"name\": \"normal/27134-1-4\",\n\t\t\t\t\"type\": \"mesh\",\n\t\t\t\t\"uvs\": [ 0.62665, 0, 0.4002, 0, 0.34987, 0.05041, 0, 0.08833, 0, 0.24812, 0, 0.40791, 0.36245, 0.49999, 0.19891, 0.7302, 0.17374, 1, 1, 1, 0.8531, 0.73562, 0.82794, 0.51083, 1, 0.4052, 1, 0.23729, 1, 0.0802, 0.62665, 0.04499 ],\n\t\t\t\t\"triangles\": [ 8, 7, 10, 9, 8, 10, 6, 11, 10, 7, 6, 10, 1, 0, 15, 15, 14, 13, 4, 3, 2, 2, 1, 15, 4, 2, 15, 13, 4, 15, 4, 13, 12, 5, 4, 12, 6, 5, 12, 11, 6, 12 ],\n\t\t\t\t\"vertices\": [ 1, 4, -7.05, 4.12, 1, 1, 4, -7.14, -2.9, 1, 1, 4, 0.1, -4.54, 1, 1, 4, 5.43, -15.46, 1, 1, 4, 28.44, -15.74, 1, 1, 4, 51.44, -16.02, 1, 2, 4, 64.84, -4.94, 0.49781, 5, 1.92, -4.92, 0.50219, 2, 5, 35.07, -9.99, 0.49438, 6, -4.1, -9.99, 0.50562, 1, 6, 34.75, -10.77, 1, 1, 6, 34.75, 14.84, 1, 2, 5, 35.85, 10.29, 0.49805, 6, -3.32, 10.29, 0.50195, 2, 4, 66.58, 9.47, 0.49864, 5, 3.48, 9.51, 0.50136, 1, 4, 51.43, 14.98, 1, 1, 4, 27.25, 15.28, 1, 1, 4, 4.64, 15.56, 1, 1, 4, -0.58, 4.04, 1 ],\n\t\t\t\t\"hull\": 16,\n\t\t\t\t\"edges\": [ 0, 2, 2, 4, 4, 6, 10, 12, 12, 14, 14, 16, 16, 18, 18, 20, 20, 22, 22, 24, 28, 30, 0, 30, 12, 22, 14, 20, 10, 24, 6, 8, 8, 10, 24, 26, 26, 28, 8, 26 ],\n\t\t\t\t\"width\": 31,\n\t\t\t\t\"height\": 144\n\t\t\t}\n\t\t}\n\t}\n},\n\"animations\": {\n\t\"l1\": {\n\t\t\"bones\": {\n\t\t\t\"root\": {\n\t\t\t\t\"rotate\": [\n\t\t\t\t\t{ \"time\": 0, \"angle\": 0, \"curve\": \"stepped\" },\n\t\t\t\t\t{ \"time\": 1, \"angle\": 0, \"curve\": \"stepped\" },\n\t\t\t\t\t{ \"time\": 2, \"angle\": 0 }\n\t\t\t\t],\n\t\t\t\t\"translate\": [\n\t\t\t\t\t{ \"time\": 0, \"x\": 0, \"y\": 0, \"curve\": \"stepped\" },\n\t\t\t\t\t{ \"time\": 1, \"x\": 0, \"y\": 0, \"curve\": \"stepped\" },\n\t\t\t\t\t{ \"time\": 2, \"x\": 0, \"y\": 0 }\n\t\t\t\t],\n\t\t\t\t\"scale\": [\n\t\t\t\t\t{ \"time\": 0, \"x\": 1, \"y\": 1, \"curve\": \"stepped\" },\n\t\t\t\t\t{ \"time\": 1, \"x\": 1, \"y\": 1, \"curve\": \"stepped\" },\n\t\t\t\t\t{ \"time\": 2, \"x\": 1, \"y\": 1 }\n\t\t\t\t]\n\t\t\t},\n\t\t\t\"27134-1-1\": {\n\t\t\t\t\"rotate\": [\n\t\t\t\t\t{ \"time\": 0, \"angle\": 0, \"curve\": \"stepped\" },\n\t\t\t\t\t{ \"time\": 1, \"angle\": 0, \"curve\": \"stepped\" },\n\t\t\t\t\t{ \"time\": 2, \"angle\": 0 }\n\t\t\t\t],\n\t\t\t\t\"translate\": [\n\t\t\t\t\t{ \"time\": 0, \"x\": 0, \"y\": 0, \"curve\": \"stepped\" },\n\t\t\t\t\t{ \"time\": 1, \"x\": 0, \"y\": 0, \"curve\": \"stepped\" },\n\t\t\t\t\t{ \"time\": 2, \"x\": 0, \"y\": 0 }\n\t\t\t\t],\n\t\t\t\t\"scale\": [\n\t\t\t\t\t{ \"time\": 0, \"x\": 1, \"y\": 1, \"curve\": \"stepped\" },\n\t\t\t\t\t{ \"time\": 1, \"x\": 1, \"y\": 1, \"curve\": \"stepped\" },\n\t\t\t\t\t{ \"time\": 2, \"x\": 1, \"y\": 1 }\n\t\t\t\t]\n\t\t\t},\n\t\t\t\"27134-1-3\": {\n\t\t\t\t\"rotate\": [\n\t\t\t\t\t{ \"time\": 0, \"angle\": 0 },\n\t\t\t\t\t{ \"time\": 1, \"angle\": -1.36 },\n\t\t\t\t\t{ \"time\": 2, \"angle\": 0 }\n\t\t\t\t],\n\t\t\t\t\"translate\": [\n\t\t\t\t\t{ \"time\": 0, \"x\": 0, \"y\": 0, \"curve\": \"stepped\" },\n\t\t\t\t\t{ \"time\": 1, \"x\": 0, \"y\": 0, \"curve\": \"stepped\" },\n\t\t\t\t\t{ \"time\": 2, \"x\": 0, \"y\": 0 }\n\t\t\t\t],\n\t\t\t\t\"scale\": [\n\t\t\t\t\t{ \"time\": 0, \"x\": 1, \"y\": 1, \"curve\": \"stepped\" },\n\t\t\t\t\t{ \"time\": 1, \"x\": 1, \"y\": 1, \"curve\": \"stepped\" },\n\t\t\t\t\t{ \"time\": 2, \"x\": 1, \"y\": 1 }\n\t\t\t\t]\n\t\t\t},\n\t\t\t\"27134-1-5\": {\n\t\t\t\t\"rotate\": [\n\t\t\t\t\t{ \"time\": 0, \"angle\": 0.88 },\n\t\t\t\t\t{ \"time\": 0.1667, \"angle\": 1.33 },\n\t\t\t\t\t{ \"time\": 1.1667, \"angle\": -1.36 },\n\t\t\t\t\t{ \"time\": 2, \"angle\": 0.88 }\n\t\t\t\t],\n\t\t\t\t\"translate\": [\n\t\t\t\t\t{ \"time\": 0, \"x\": 0, \"y\": 0, \"curve\": \"stepped\" },\n\t\t\t\t\t{ \"time\": 0.1667, \"x\": 0, \"y\": 0, \"curve\": \"stepped\" },\n\t\t\t\t\t{ \"time\": 1.1667, \"x\": 0, \"y\": 0, \"curve\": \"stepped\" },\n\t\t\t\t\t{ \"time\": 2, \"x\": 0, \"y\": 0 }\n\t\t\t\t],\n\t\t\t\t\"scale\": [\n\t\t\t\t\t{ \"time\": 0, \"x\": 1, \"y\": 1, \"curve\": \"stepped\" },\n\t\t\t\t\t{ \"time\": 0.1667, \"x\": 1, \"y\": 1, \"curve\": \"stepped\" },\n\t\t\t\t\t{ \"time\": 1.1667, \"x\": 1, \"y\": 1, \"curve\": \"stepped\" },\n\t\t\t\t\t{ \"time\": 2, \"x\": 1, \"y\": 1 }\n\t\t\t\t]\n\t\t\t},\n\t\t\t\"27134-1-4\": {\n\t\t\t\t\"rotate\": [\n\t\t\t\t\t{ \"time\": 0, \"angle\": 0.6 },\n\t\t\t\t\t{ \"time\": 0.3333, \"angle\": 1.58 },\n\t\t\t\t\t{ \"time\": 1.3333, \"angle\": -1.36 },\n\t\t\t\t\t{ \"time\": 2, \"angle\": 0.6 }\n\t\t\t\t],\n\t\t\t\t\"translate\": [\n\t\t\t\t\t{ \"time\": 0, \"x\": 0, \"y\": 0, \"curve\": \"stepped\" },\n\t\t\t\t\t{ \"time\": 0.3333, \"x\": 0, \"y\": 0, \"curve\": \"stepped\" },\n\t\t\t\t\t{ \"time\": 1.3333, \"x\": 0, \"y\": 0, \"curve\": \"stepped\" },\n\t\t\t\t\t{ \"time\": 2, \"x\": 0, \"y\": 0 }\n\t\t\t\t],\n\t\t\t\t\"scale\": [\n\t\t\t\t\t{ \"time\": 0, \"x\": 1, \"y\": 1, \"curve\": \"stepped\" },\n\t\t\t\t\t{ \"time\": 0.3333, \"x\": 1, \"y\": 1, \"curve\": \"stepped\" },\n\t\t\t\t\t{ \"time\": 1.3333, \"x\": 1, \"y\": 1, \"curve\": \"stepped\" },\n\t\t\t\t\t{ \"time\": 2, \"x\": 1, \"y\": 1 }\n\t\t\t\t]\n\t\t\t},\n\t\t\t\"27134-1-6\": {\n\t\t\t\t\"rotate\": [\n\t\t\t\t\t{ \"time\": 0, \"angle\": -1.31 },\n\t\t\t\t\t{ \"time\": 0.5, \"angle\": 2.15 },\n\t\t\t\t\t{ \"time\": 1.5, \"angle\": -4.76 },\n\t\t\t\t\t{ \"time\": 2, \"angle\": -1.31 }\n\t\t\t\t],\n\t\t\t\t\"translate\": [\n\t\t\t\t\t{ \"time\": 0, \"x\": 0, \"y\": 0, \"curve\": \"stepped\" },\n\t\t\t\t\t{ \"time\": 0.5, \"x\": 0, \"y\": 0, \"curve\": \"stepped\" },\n\t\t\t\t\t{ \"time\": 1.5, \"x\": 0, \"y\": 0, \"curve\": \"stepped\" },\n\t\t\t\t\t{ \"time\": 2, \"x\": 0, \"y\": 0 }\n\t\t\t\t],\n\t\t\t\t\"scale\": [\n\t\t\t\t\t{ \"time\": 0, \"x\": 1, \"y\": 1, \"curve\": \"stepped\" },\n\t\t\t\t\t{ \"time\": 0.5, \"x\": 1, \"y\": 1, \"curve\": \"stepped\" },\n\t\t\t\t\t{ \"time\": 1.5, \"x\": 1, \"y\": 1, \"curve\": \"stepped\" },\n\t\t\t\t\t{ \"time\": 2, \"x\": 1, \"y\": 1 }\n\t\t\t\t]\n\t\t\t},\n\t\t\t\"27134-1-7\": {\n\t\t\t\t\"rotate\": [\n\t\t\t\t\t{ \"time\": 0, \"angle\": -3.44 },\n\t\t\t\t\t{ \"time\": 0.6667, \"angle\": 7.48 },\n\t\t\t\t\t{ 