{"__type__":"sp.SkeletonData","_name":"28129","skeletonJsonStr":"{\n\"skeleton\": { \"hash\": \"LGWUHShSZOdEV8fkzObtgwEqsds\", \"spine\": \"3.6.52\", \"width\": 170.5, \"height\": 378.5, \"images\": \"\" },\n\"bones\": [\n\t{ \"name\": \"root\", \"scaleX\": 0.5, \"scaleY\": 0.5 },\n\t{ \"name\": \"27111\", \"parent\": \"root\", \"x\": 150.79, \"y\": 468.92 },\n\t{ \"name\": \"29111-1\", \"parent\": \"27111\", \"length\": 68.45, \"rotation\": 82.94, \"x\": -232.13, \"y\": 159.51 },\n\t{ \"name\": \"29111-9\", \"parent\": \"29111-1\", \"length\": 54.63, \"rotation\": 168.41, \"x\": -5.99, \"y\": 27.29 },\n\t{ \"name\": \"29111-7\", \"parent\": \"29111-9\", \"length\": 65.91, \"rotation\": 5.02, \"x\": 55.24, \"y\": 0.21 },\n\t{ \"name\": \"29111-8\", \"parent\": \"29111-1\", \"length\": 49.38, \"rotation\": 1.8, \"x\": 70.3, \"y\": 0.88 }\n],\n\"slots\": [\n\t{ \"name\": \"29111-1\", \"bone\": \"29111-7\", \"attachment\": \"29111-1\" },\n\t{ \"name\": \"27111\", \"bone\": \"27111\", \"attachment\": \"27111\" }\n],\n\"skins\": {\n\t\"default\": {},\n\t\"normal\": {\n\t\t\"27111\": {\n\t\t\t\"27111\": { \"name\": \"normal/27111\", \"x\": 2.71, \"y\": -237.42, \"width\": 69, \"height\": 477 }\n\t\t},\n\t\t\"29111-1\": {\n\t\t\t\"29111-1\": {\n\t\t\t\t\"name\": \"normal/29111-1\",\n\t\t\t\t\"type\": \"mesh\",\n\t\t\t\t\"uvs\": [ 1, 0, 0.62188, 0, 0.39267, 0.1356, 0.52197, 0.18116, 0.3339, 0.29104, 0.23987, 0.45988, 0.14583, 0.6448, 0, 0.81096, 0, 0.88868, 0.05767, 1, 0.16934, 1, 0.23987, 0.86456, 0.34566, 0.76272, 0.43381, 0.61532, 0.56899, 0.5376, 0.8746, 0.4974, 0.91574, 0.44916, 0.83934, 0.41968, 0.9275, 0.35, 0.93925, 0.23744, 1, 0.216 ],\n\t\t\t\t\"triangles\": [ 11, 6, 12, 7, 6, 11, 8, 7, 11, 10, 9, 8, 11, 10, 8, 6, 5, 13, 12, 6, 13, 0, 20, 19, 3, 2, 1, 19, 1, 0, 19, 3, 1, 14, 13, 4, 19, 17, 3, 18, 17, 19, 15, 17, 16, 14, 3, 17, 14, 17, 15, 4, 3, 14, 13, 5, 4 ],\n\t\t\t\t\"vertices\": [ 2, 2, 125.85, -27.08, 0.00145, 5, 54.65, -29.69, 0.99855, 1, 5, 50.69, 13.23, 1, 1, 5, 14.54, 36.15, 1, 2, 2, 74.21, 21.44, 0.496, 5, 4.55, 20.42, 0.504, 1, 2, 44.31, 39.34, 1, 1, 2, 1.11, 44.79, 1, 1, 3, 43.8, -13.94, 1, 1, 4, 31.65, -19.46, 1, 1, 4, 50.53, -14.88, 1, 1, 4, 76.03, -1.94, 1, 1, 4, 73.03, 10.43, 1, 1, 4, 38.23, 10.27, 1, 1, 4, 10.65, 15.99, 1, 3, 2, -34.74, 18.07, 0.01705, 3, 26.32, 14.81, 0.93704, 4, -27.53, 17.08, 0.04591, 1, 2, -13.57, 5.17, 1, 1, 2, 0.69, -28.17, 1, 1, 2, 13.23, -31.35, 1, 1, 2, 19.48, -21.8, 1, 1, 2, 38, -29.63, 1, 2, 2, 66.09, -27.5, 0.51338, 5, -5.1, -28.24, 0.48662, 1, 5, 0.88, -34.64, 1 ],\n\t\t\t\t\"hull\": 21,\n\t\t\t\t\"edges\": [ 0, 2, 2, 4, 4, 6, 6, 8, 8, 10, 10, 12, 12, 14, 14, 16, 16, 18, 18, 20, 20, 22, 22, 24, 24, 26, 26, 28, 28, 30, 30, 32, 32, 34, 34, 36, 36, 38, 38, 40, 0, 40 ],\n\t\t\t\t\"width\": 114,\n\t\t\t\t\"height\": 250\n\t\t\t}\n\t\t}\n\t}\n},\n\"animations\": {\n\t\"l1\": {\n\t\t\"bones\": {\n\t\t\t\"root\": {\n\t\t\t\t\"rotate\": [\n\t\t\t\t\t{ \"time\": 0, \"angle\": 0, \"curve\": \"stepped\" },\n\t\t\t\t\t{ \"time\": 1, \"angle\": 0, \"curve\": \"stepped\" },\n\t\t\t\t\t{ \"time\": 2, \"angle\": 0 }\n\t\t\t\t],\n\t\t\t\t\"translate\": [\n\t\t\t\t\t{ \"time\": 0, \"x\": 0, \"y\": 0, \"curve\": \"stepped\" },\n\t\t\t\t\t{ \"time\": 1, \"x\": 0, \"y\": 0, \"curve\": \"stepped\" },\n\t\t\t\t\t{ \"time\": 2, \"x\": 0, \"y\": 0 }\n\t\t\t\t],\n\t\t\t\t\"scale\": [\n\t\t\t\t\t{ \"time\": 0, \"x\": 1, \"y\": 1, \"curve\": \"stepped\" },\n\t\t\t\t\t{ \"time\": 1, \"x\": 1, \"y\": 1, \"curve\": \"stepped\" },\n\t\t\t\t\t{ \"time\": 2, \"x\": 1, \"y\": 1 }\n\t\t\t\t]\n\t\t\t},\n\t\t\t\"29111-1\": {\n\t\t\t\t\"rotate\": [\n\t\t\t\t\t{ \"time\": 0, \"angle\": 0 },\n\t\t\t\t\t{ \"time\": 1, \"angle\": 2.29 },\n\t\t\t\t\t{ \"time\": 2, \"angle\": 0 }\n\t\t\t\t],\n\t\t\t\t\"translate\": [\n\t\t\t\t\t{ \"time\": 0, \"x\": 0, \"y\": 0, \"curve\": \"stepped\" },\n\t\t\t\t\t{ \"time\": 1, \"x\": 0, \"y\": 0, \"curve\": \"stepped\" },\n\t\t\t\t\t{ \"time\": 2, \"x\": 0, \"y\": 0 }\n\t\t\t\t],\n\t\t\t\t\"scale\": [\n\t\t\t\t\t{ \"time\": 0, \"x\": 1, \"y\": 1 },\n\t\t\t\t\t{ \"time\": 1, \"x\": 0.894, \"y\": 1 },\n\t\t\t\t\t{ \"time\": 2, \"x\": 1, \"y\": 1 }\n\t\t\t\t]\n\t\t\t},\n\t\t\t\"29111-8\": {\n\t\t\t\t\"rotate\": [\n\t\t\t\t\t{ \"time\": 0, \"angle\": 0 },\n\t\t\t\t\t{ \"time\": 1, \"angle\": -2.29 },\n\t\t\t\t\t{ \"time\": 2, \"angle\": 0 }\n\t\t\t\t],\n\t\t\t\t\"translate\": [\n\t\t\t\t\t{ \"time\": 0, \"x\": 0, \"y\": 0 },\n\t\t\t\t\t{ \"time\": 1, \"x\": 1.35, \"y\": -3.33 },\n\t\t\t\t\t{ \"time\": 2, \"x\": 0, \"y\": 0 }\n\t\t\t\t],\n\t\t\t\t\"scale\": [\n\t\t\t\t\t{ \"time\": 0, \"x\": 1, \"y\": 1 },\n\t\t\t\t\t{ \"time\": 1, \"x\": 1.119, \"y\": 1 },\n\t\t\t\t\t{ \"time\": 2, \"x\": 1, \"y\": 1 }\n\t\t\t\t]\n\t\t\t},\n\t\t\t\"29111-9\": {\n\t\t\t\t\"rotate\": [\n\t\t\t\t\t{ \"time\": 0, \"angle\": 0 },\n\t\t\t\t\t{ \"time\": 1, \"angle\": -5.34 },\n\t\t\t\t\t{ \"time\": 2, \"angle\": 0 }\n\t\t\t\t],\n\t\t\t\t\"translate\": [\n\t\t\t\t\t{ \"time\": 0, \"x\": 0, \"y\": 0 },\n\t\t\t\t\t{ \"time\": 1, \"x\": 0.51, \"y\": 0.22 },\n\t\t\t\t\t{ \"time\": 2, \"x\": 0, \"y\": 0 }\n\t\t\t\t],\n\t\t\t\t\"scale\": [\n\t\t\t\t\t{ \"time\": 0, \"x\": 1, \"y\": 1 },\n\t\t\t\t\t{ \"time\": 1, \"x\": 1.119, \"y\": 1 },\n\t\t\t\t\t{ \"time\": 2, \"x\": 1, \"y\": 1 }\n\t\t\t\t]\n\t\t\t},\n\t\t\t\"29111-7\": {\n\t\t\t\t\"rotate\": [\n\t\t\t\t\t{ \"time\": 0, \"angle\": 3.09 },\n\t\t\t\t\t{ \"time\": 0.1667, \"angle\": 4.85 },\n\t\t\t\t\t{ \"time\": 1, \"angle\": -3.96 },\n\t\t\t\t\t{ \"time\": 1.1667, \"angle\": -5.72 },\n\t\t\t\t\t{ \"time\": 2, \"angle\": 3.09 }\n\t\t\t\t],\n\t\t\t\t\"translate\": [\n\t\t\t\t\t{ \"time\": 0, \"x\": 0, \"y\": 0, \"curve\": \"stepped\" },\n\t\t\t\t\t{ \"time\": 1, \"x\": 0, \"y\": 0, \"curve\": \"stepped\" },\n\t\t\t\t\t{ \"time\": 2, \"x\": 0, \"y\": 0 }\n\t\t\t\t],\n\t\t\t\t\"scale\": [\n\t\t\t\t\t{ \"time\": 0, \"x\": 1, \"y\": 1, \"curve\": \"stepped\" },\n\t\t\t\t\t{ \"time\": 1, \"x\": 1, \"y\": 1, \"curve\": \"stepped\" },\n\t\t\t\t\t{ \"time\": 2, \"x\": 1, \"y\": 1 }\n\t\t\t\t]\n\t\t\t}\n\t\t}\n\t}\n}\n}","_skeletonJson":{"skeleton":{"hash":"LGWUHShSZOdEV8fkzObtgwEqsds","spine":"3.6.52","width":170.5,"height":378.5,"images":""},"bones":[{"name":"root","scaleX":0.5,"scaleY":0.5},{"name":"27111","parent":"root","x":150.79,"y":468.92},{"name":"29111-1","parent":"27111","length":68.45,"rotation":82.94,"x":-232.13,"y":159.51},{"name":"29111-9","parent":"29111-1","length":54.63,"rotation":168.41,"x":-5.99,"y":27.29},{"name":"29111-7","parent":"29111-9","length":65.91,"rotation":5.02,"x":55.24,"y":0.21},{"name":"29111-8","parent":"29111-1","length":49.38,"rotation":1.8,"x":70.3,"y":0.88}],"slots":[{"name":"29111-1","bone":"29111-7","attachment":"29111-1"},{"name":"27111","bone":"27111","attachment":"27111"}],"skins":{"default":{},"normal":{"27111":{"27111":{"name":"normal/27111","x":2.71,"y":-237.42,"width":69,"height":477}},"29111-1":{"29111-1":{"name":"normal/29111-1","type":"mesh","uvs":[1,0,0.62188,0,0.39267,0.1356,0.52197,0.18116,0.3339,0.29104,0.23987,0.45988,0.14583,0.6448,0,0.81096,0,0.88868,0.05767,1,0.16934,1,0.23987,0.86456,0.34566,0.76272,0.43381,0.61532,0.56899,0.5376,0.8746,0.4974,0.91574,0.44916,0.83934,0.41968,0.9275,0.35,0.93925,0.23744,1,0.216],"triangles":[11,6,12,7,6,11,8,7,11,10,9,8,11,10,8,6,5,13,12,6,13,0,20,19,3,2,1,19,1,0,19,3,1,14,13,4,19,17,3,18,17,19,15,17,16,14,3,17,14,17,15,4,3,14,13,5,4],"vertices":[2,2,125.85,-27.08,0.00145,5,54.65,-29.69,0.99855,1,5,50.69,13.23,1,1,5,14.54,36.15,1,2,2,74.21,21.44,0.496,5,4.55,20.42,0.504,1,2,44.31,39.34,1,1,2,1.11,44.79,1,1,3,43.8,-13.94,1,1,4,31.65,-19.46,1,1,4,50.53,-14.88,1,1,4,76.03,-1.94,1,1,4,73.03,10.43,1,1,4,38.23,10.27,1,1,4,10.65,15.99,1,3,2,-34.74,18.07,0.01705,3,26.32,14.81,0.93704,4,-27.53,17.08,0.04591,1,2,-13.57,5.17,1,1,2,0.69,-28.17,1,1,2,13.23,-31.35,1,1,2,19.48,-21.8,1,1,2,38,-29.63,1,2,2,66.09,-27.5,0.51338,5,-5.1,-28.24,0.48662,1,5,0.88,-34.64,1],"hull":21,