{"__type__":"sp.SkeletonData","_name":"27115","skeletonJsonStr":"{\n\"skeleton\": { \"hash\": \"5GlZrkk3Vzq1cAJavHRgoe2c/ZQ\", \"spine\": \"3.6.52\", \"width\": 174.34, \"height\": 137.49, \"images\": \"\" },\n\"bones\": [\n\t{ \"name\": \"root\", \"scaleX\": 0.5, \"scaleY\": 0.5 },\n\t{ \"name\": \"27115\", \"parent\": \"root\", \"x\": 300.68, \"y\": 498.61 },\n\t{ \"name\": \"27116\", \"parent\": \"27115\", \"length\": 131.67, \"rotation\": -89.74, \"x\": 2.65, \"y\": -12.46 },\n\t{ \"name\": \"27117\", \"parent\": \"27116\", \"length\": 41.68, \"rotation\": 0.57, \"x\": 131.67 },\n\t{ \"name\": \"27118\", \"parent\": \"27117\", \"length\": 44.1, \"rotation\": -0.05, \"x\": 41.68 },\n\t{ \"name\": \"27119\", \"parent\": \"27118\", \"length\": 29.6, \"rotation\": -0.78, \"x\": 44.1 }\n],\n\"slots\": [\n\t{ \"name\": \"27115\", \"bone\": \"27115\", \"attachment\": \"27115\" }\n],\n\"skins\": {\n\t\"default\": {},\n\t\"normal\": {\n\t\t\"27115\": {\n\t\t\t\"27115\": {\n\t\t\t\t\"name\": \"normal/27115\",\n\t\t\t\t\"type\": \"mesh\",\n\t\t\t\t\"uvs\": [ 0.00658, 0.39345, 0.04084, 0.4043, 0.69081, 0.18722, 0.73195, 0.19326, 0.73951, 0.16543, 0.88312, 0.12302, 0.89555, 0.13079, 0.87331, 0.14017, 0.8462, 0.15041, 0.84932, 0.17899, 0.82117, 0.19733, 0.80171, 0.23359, 0.80237, 0.52561, 0.81912, 0.55851, 0.85039, 0.5801, 0.85121, 0.61377, 0.88449, 0.61881, 0.8968, 0.6272, 0.89218, 0.67241, 0.89575, 0.70102, 0.88772, 0.69262, 0.877, 0.69276, 0.85995, 0.72707, 0.86035, 0.74642, 0.8791, 0.74761, 0.89499, 0.76724, 0.89383, 0.78689, 0.88902, 0.86896, 0.88829, 0.90823, 0.88755, 0.94749, 0.88656, 1, 0.92025, 1, 0.91861, 0.94861, 0.91726, 0.90625, 0.9161, 0.86979, 0.91071, 0.79084, 0.90917, 0.7684, 0.92369, 0.74669, 0.94235, 0.74731, 0.94369, 0.72462, 0.92569, 0.6933, 0.91409, 0.69269, 0.90787, 0.70094, 0.91258, 0.67061, 0.90744, 0.62863, 0.92139, 0.61584, 0.9535, 0.61027, 0.95417, 0.58036, 0.98159, 0.55949, 1, 0.52384, 1, 0.22517, 0.9813, 0.19284, 0.9544, 0.17469, 0.95349, 0.14841, 0.91147, 0.13314, 0.91147, 0.12406, 0.91685, 0.11168, 0.90207, 0.04869, 0.88041, 0.03857, 0.85875, 0.06515, 0.72313, 0.11324, 0.70405, 0.09869, 0.67883, 0.1277, 0.01737, 0.35428, 0.00828, 0.37274 ],\n\t\t\t\t\"triangles\": [ 28, 33, 32, 29, 28, 32, 30, 32, 31, 30, 29, 32, 33, 27, 34, 27, 35, 34, 27, 26, 35, 26, 36, 35, 26, 25, 36, 33, 28, 27, 36, 25, 37, 37, 24, 19, 19, 42, 37, 37, 25, 24, 19, 24, 22, 38, 37, 39, 37, 42, 39, 40, 42, 41, 42, 40, 39, 19, 22, 21, 21, 20, 19, 22, 24, 23, 42, 19, 18, 42, 18, 43, 18, 44, 43, 18, 17, 44, 44, 17, 45, 17, 16, 45, 45, 16, 14, 47, 46, 45, 14, 16, 15, 47, 45, 14, 48, 47, 49, 14, 49, 47, 12, 49, 14, 12, 14, 13, 49, 12, 50, 10, 50, 11, 50, 10, 9, 50, 9, 52, 52, 54, 53, 54, 52, 9, 9, 7, 54, 7, 6, 54, 50, 12, 11, 51, 50, 52, 9, 8, 7, 0, 64, 1, 64, 63, 1, 1, 63, 2, 63, 62, 2, 3, 2, 4, 4, 62, 60, 60, 62, 61, 62, 4, 2, 59, 4, 60, 59, 5, 4, 6, 55, 54, 6, 5, 55, 55, 5, 56, 56, 5, 59, 56, 59, 57, 57, 59, 58 ],\n\t\t\t\t\"vertices\": [ 1, 1, -311.37, -83.14, 1, 1, 1, -299.34, -86.24, 1, 1, 1, -71.2, -24.16, 1, 1, 1, -56.76, -25.89, 1, 1, 1, -54.11, -17.93, 1, 1, 1, -3.7, -5.8, 1, 2, 1, 0.66, -8.02, 0.504, 2, -4.45, -1.97, 0.496, 1, 2, -1.8, -9.79, 1, 1, 2, 1.08, -19.32, 1, 1, 2, 9.26, -18.26, 1, 1, 2, 14.46, -28.17, 1, 1, 2, 24.8, -35.05, 1, 1, 2, 108.32, -35.2, 1, 1, 2, 117.76, -29.36, 1, 1, 2, 123.98, -18.41, 1, 1, 2, 133.61, -18.17, 1, 1, 2, 135.11, -6.5, 1, 2, 2, 137.52, -2.19, 0.472, 3, 5.83, -2.24, 0.528, 1, 3, 18.74, -4.05, 1, 1, 3, 26.93, -2.92, 1, 1, 3, 24.49, -5.7, 1, 1, 3, 24.48, -9.46, 1, 1, 3, 34.2, -15.59, 1, 1, 3, 39.74, -15.53, 1, 1, 3, 40.17, -8.95, 1, 2, 3, 45.87, -3.46, 0.512, 4, 4.19, -3.46, 0.488, 1, 4, 9.81, -3.94, 1, 2, 4, 33.25, -5.95, 0.752, 5, -10.76, -6.1, 0.248, 2, 4, 44.48, -6.36, 0.512, 5, 0.47, -6.36, 0.488, 2, 4, 55.7, -6.77, 0.28, 5, 11.7, -6.61, 0.72, 1, 5, 26.72, -6.96, 1, 1, 5, 26.72, 4.86, 1, 2, 4, 56.17, 4.12, 0.28, 5, 12.02, 4.29, 0.72, 2, 4, 44.05, 3.82, 0.512, 5, -0.1, 3.82, 0.488, 2, 4, 33.62, 3.55, 0.752, 5, -10.53, 3.41, 0.248, 1, 4, 11.01, 1.97, 1, 2, 3, 46.27, 1.51, 0.512, 4, 4.59, 1.52, 0.488, 1, 3, 40.14, 6.7, 1, 1, 3, 40.41, 13.24, 1, 1, 3, 33.93, 13.81, 1, 1, 3, 24.88, 7.62, 1, 1, 3, 24.65, 3.55, 1, 1, 3, 26.97, 1.34, 1, 1, 3, 18.33, 3.11, 1, 2, 2, 137.95, 1.55, 0.472, 3, 6.29, 1.48, 0.528, 1, 2, 134.32, 6.46, 1, 1, 2, 132.78, 17.74, 1, 1, 2, 124.22, 18.01, 1, 1, 2, 118.3, 27.67, 1, 1, 2, 108.13, 34.17, 1, 1, 2, 22.71, 34.56, 1, 1, 2, 13.44, 28.04, 1, 1, 2, 8.2, 18.63, 1, 1, 2, 0.68, 18.34, 1, 2, 1, 6.25, -8.69, 0.504, 2, -3.75, 3.61, 0.496, 1, 1, 6.25, -6.1, 1, 1, 1, 8.14, -2.56, 1, 1, 1, 2.95, 15.46, 1, 1, 1, -4.65, 18.36, 1, 1, 1, -12.26, 10.75, 1, 1, 1, -59.86, -3, 1, 1, 1, -66.56, 1.16, 1, 1, 1, -75.41, -7.14, 1, 1, 1, -307.58, -71.94, 1, 1, 1, -310.77, -77.22, 1 ],\n\t\t\t\t\"hull\": 65,\n\t\t\t\t\"edges\": [ 0, 2, 2, 4, 4, 6, 6, 8, 8, 10, 10, 12, 12, 14, 14, 16, 16, 18, 18, 20, 20, 22, 22, 24, 24, 26, 26, 28, 28, 30, 30, 32, 32, 34, 34, 36, 36, 38, 38, 40, 40, 42, 42, 44, 44, 46, 46, 48, 48, 50, 60, 62, 72, 74, 74, 76, 76, 78, 78, 80, 80, 82, 82, 84, 84, 86, 86, 88, 88, 90, 90, 92, 92, 94, 94, 96, 96, 98, 98, 100, 100, 102, 102, 104, 104, 106, 106, 108, 108, 110, 110, 112, 112, 114, 114, 116, 116, 118, 118, 120, 120, 122, 122, 124, 124, 126, 126, 128, 0, 128, 54, 56, 66, 68, 50, 52, 52, 54, 68, 70, 70, 72, 56, 58, 58, 60, 62, 64, 64, 66 ],\n\t\t\t\t\"width\": 351,\n\t\t\t\t\"height\": 286\n\t\t\t}\n\t\t}\n\t}\n},\n\"animations\": {\n\t\"l1\": {\n\t\t\"bones\": {\n\t\t\t\"root\": {\n\t\t\t\t\"rotate\": [\n\t\t\t\t\t{ \"time\": 0, \"angle\": 0, \"curve\": \"stepped\" },\n\t\t\t\t\t{ \"time\": 1, \"angle\": 0, \"curve\": \"stepped\" },\n\t\t\t\t\t{ \"time\": 2, \"angle\": 0 }\n\t\t\t\t],\n\t\t\t\t\"translate\": [\n\t\t\t\t\t{ \"time\": 0, \"x\": 0, \"y\": 0, \"curve\": \"stepped\" },\n\t\t\t\t\t{ \"time\": 1, \"x\": 0, \"y\": 0, \"curve\": \"stepped\" },\n\t\t\t\t\t{ \"time\": 2, \"x\": 0, \"y\": 0 }\n\t\t\t\t],\n\t\t\t\t\"scale\": [\n\t\t\t\t\t{ \"time\": 0, \"x\": 1, \"y\": 1, \"curve\": \"stepped\" },\n\t\t\t\t\t{ \"time\": 1, \"x\": 1, \"y\": 1, \"curve\": \"stepped\" },\n\t\t\t\t\t{ \"time\": 2, \"x\": 1, \"y\": 1 }\n\t\t\t\t]\n\t\t\t},\n\t\t\t\"27115\": {\n\t\t\t\t\"rotate\": [\n\t\t\t\t\t{ \"time\": 0, \"angle\": 0, \"curve\": \"stepped\" },\n\t\t\t\t\t{ \"time\": 2, \"angle\": 0 }\n\t\t\t\t],\n\t\t\t\t\"translate\": [\n\t\t\t\t\t{ \"time\": 0, \"x\": 0, \"y\": 0, \"curve\": \"stepped\" },\n\t\t\t\t\t{ \"time\": 2, \"x\": 0, \"y\": 0 }\n\t\t\t\t],\n\t\t\t\t\"scale\": [\n\t\t\t\t\t{ \"time\": 0, \"x\": 1, \"y\": 1, \"curve\": \"stepped\" },\n\t\t\t\t\t{ \"time\": 2, \"x\": 1, \"y\": 1 }\n\t\t\t\t]\n\t\t\t},\n\t\t\t\"27116\": {\n\t\t\t\t\"rotate\": [\n\t\t\t\t\t{ \"time\": 0, \"angle\": 0 },\n\t\t\t\t\t{ \"time\": 1, \"angle\": -0.36 },\n\t\t\t\t\t{ \"time\": 2, \"angle\": 0 }\n\t\t\t\t],\n\t\t\t\t\"translate\": [\n\t\t\t\t\t{ \"time\": 0, \"x\": 0, \"y\": 0, \"curve\": \"stepped\" },\n\t\t\t\t\t{ \"time\": 2, \"x\": 0, \"y\": 0 }\n\t\t\t\t],\n\t\t\t\t\"scale\": [\n\t\t\t\t\t{ \"time\": 0, \"x\": 1, \"y\": 1, \"curve\": \"stepped\" },\n\t\t\t\t\t{ \"time\": 2, \"x\": 1, \"y\": 1 }\n\t\t\t\t]\n\t\t\t},\n\t\t\t\"27117\": {\n\t\t\t\t\"rotate\": [\n\t\t\t\t\t{ \"time\": 0, \"angle\": -0.5 },\n\t\t\t\t\t{ \"time\": 0.1, \"angle\": 0 },\n\t\t\t\t\t{ \"time\": 1.1, \"angle\": -4.97 },\n\t\t\t\t\t{ \"time\": 2, \"angle\": -0.5 }\n\t\t\t\t],\n\t\t\t\t\"translate\": [\n\t\t\t\t\t{ \"time\": 0, \"x\": 0, \"y\": 0, \"curve\": \"stepped\" },\n\t\t\t\t\t{ \"time\": 0.1, \"x\": 0, \"y\": 0, \"curve\": \"stepped\" },\n\t\t\t\t\t{ \"time\": 2, \"x\": 0, \"y\": 0 }\n\t\t\t\t],\n\t\t\t\t\"scale\": [\n\t\t\t\t\t{ \"time\": 0, \"x\": 1, \"y\": 1, \"curve\": \"stepped\" },\n\t\t\t\t\t{ \"time\": 0.1, \"x\": 1, \"y\": 1, \"curve\": \"stepped\" },\n\t\t\t\t\t{ \"time\": 2, \"x\": 1, \"y\": 1 }\n\t\t\t\t]\n\t\t\t},\n\t\t\t\"27118\": {\n\t\t\t\t\"rotate\": [\n\t\t\t\t\t{ \"time\": 0, \"angle\": -0.99 },\n\t\t\t\t\t{ 