{"__type__":"sp.SkeletonData","_name":"20093","skeletonJsonStr":"{\n\"skeleton\": { \"hash\": \"JMaEx3jQ4VhKw+OhgWQsAp3c3nI\", \"spine\": \"3.6.52\", \"width\": 23.5, \"height\": 52, \"images\": \"\" },\n\"bones\": [\n\t{ \"name\": \"root\", \"scaleX\": 0.5, \"scaleY\": 0.5 },\n\t{ \"name\": \"20093-1-1\", \"parent\": \"root\", \"x\": -59.58, \"y\": 739 },\n\t{ \"name\": \"20093-1-3\", \"parent\": \"20093-1-1\", \"length\": 30.66, \"rotation\": -90, \"x\": 3.34, \"y\": -10.28 },\n\t{ \"name\": \"20093-1-2\", \"parent\": \"20093-1-3\", \"length\": 27.38, \"rotation\": 7.35, \"x\": 28.91, \"y\": -0.44 }\n],\n\"slots\": [\n\t{ \"name\": \"20093-1-3\", \"bone\": \"20093-1-1\", \"attachment\": \"20093-1-3\" },\n\t{ \"name\": \"20093-1-2\", \"bone\": \"20093-1-2\", \"attachment\": \"20093-1-2\" },\n\t{ \"name\": \"20093-1-1\", \"bone\": \"20093-1-1\", \"attachment\": \"20093-1-1\" }\n],\n\"skins\": {\n\t\"default\": {},\n\t\"normal\": {\n\t\t\"20093-1-1\": {\n\t\t\t\"20093-1-1\": { \"name\": \"normal/20093-1-1\", \"x\": 5.58, \"y\": -1.5, \"width\": 32, \"height\": 61 }\n\t\t},\n\t\t\"20093-1-2\": {\n\t\t\t\"20093-1-2\": {\n\t\t\t\t\"name\": \"normal/20093-1-2\",\n\t\t\t\t\"type\": \"mesh\",\n\t\t\t\t\"uvs\": [ 0.74948, 0, 0.57394, 0, 0.29809, 0.13748, 0, 0.31492, 0, 0.4511, 0.13092, 0.68219, 0.2563, 1, 0.46527, 1, 0.97517, 0.8555, 0.89158, 0.5914, 0.84143, 0.42221, 1, 0.28191, 1, 0.16224 ],\n\t\t\t\t\"triangles\": [ 5, 7, 6, 7, 9, 8, 9, 5, 10, 5, 9, 7, 5, 4, 2, 10, 5, 2, 11, 10, 12, 10, 0, 12, 4, 3, 2, 1, 0, 10, 2, 1, 10 ],\n\t\t\t\t\"vertices\": [ 1, 1, 12.81, 4, 1, 1, 1, 5.96, 4, 1, 1, 1, -4.8, -6.86, 1, 1, 2, 10.6, -19.76, 1, 2, 2, 21.35, -19.76, 0.88, 3, -9.97, -18.2, 0.12, 2, 2, 39.61, -14.65, 0.104, 3, 8.79, -15.47, 0.896, 1, 3, 34.32, -13.83, 1, 1, 3, 35.36, -5.75, 1, 1, 3, 26.59, 15.44, 1, 2, 2, 32.44, 15.01, 0.104, 3, 5.48, 14.87, 0.896, 2, 2, 19.07, 13.06, 0.88, 3, -8.03, 14.64, 0.12, 1, 2, 7.99, 19.24, 1, 1, 2, -1.47, 19.24, 1 ],\n\t\t\t\t\"hull\": 13,\n\t\t\t\t\"edges\": [ 0, 2, 2, 4, 4, 6, 6, 8, 8, 10, 10, 12, 12, 14, 14, 16, 16, 18, 18, 20, 20, 22, 22, 24, 0, 24 ],\n\t\t\t\t\"width\": 39,\n\t\t\t\t\"height\": 79\n\t\t\t}\n\t\t},\n\t\t\"20093-1-3\": {\n\t\t\t\"20093-1-3\": { \"name\": \"normal/20093-1-3\", \"x\": 3.08, \"y\": -7.5, \"width\": 47, \"height\": 67 }\n\t\t}\n\t}\n},\n\"animations\": {\n\t\"l1\": {\n\t\t\"bones\": {\n\t\t\t\"root\": {\n\t\t\t\t\"rotate\": [\n\t\t\t\t\t{ \"time\": 0, \"angle\": 0, \"curve\": \"stepped\" },\n\t\t\t\t\t{ \"time\": 1, \"angle\": 0, \"curve\": \"stepped\" },\n\t\t\t\t\t{ \"time\": 2, \"angle\": 0 }\n\t\t\t\t],\n\t\t\t\t\"translate\": [\n\t\t\t\t\t{ \"time\": 0, \"x\": 0, \"y\": 0, \"curve\": \"stepped\" },\n\t\t\t\t\t{ \"time\": 1, \"x\": 0, \"y\": 0, \"curve\": \"stepped\" },\n\t\t\t\t\t{ \"time\": 2, \"x\": 0, \"y\": 0 }\n\t\t\t\t],\n\t\t\t\t\"scale\": [\n\t\t\t\t\t{ \"time\": 0, \"x\": 1, \"y\": 1, \"curve\": \"stepped\" },\n\t\t\t\t\t{ \"time\": 1, \"x\": 1, \"y\": 1, \"curve\": \"stepped\" },\n\t\t\t\t\t{ \"time\": 2, \"x\": 1, \"y\": 1 }\n\t\t\t\t]\n\t\t\t},\n\t\t\t\"20093-1-1\": {\n\t\t\t\t\"rotate\": [\n\t\t\t\t\t{ \"time\": 0, \"angle\": 0, \"curve\": \"stepped\" },\n\t\t\t\t\t{ \"time\": 1, \"angle\": 0, \"curve\": \"stepped\" },\n\t\t\t\t\t{ \"time\": 2, \"angle\": 0 }\n\t\t\t\t],\n\t\t\t\t\"translate\": [\n\t\t\t\t\t{ \"time\": 0, \"x\": 0, \"y\": 0, \"curve\": \"stepped\" },\n\t\t\t\t\t{ \"time\": 1, \"x\": 0, \"y\": 0, \"curve\": \"stepped\" },\n\t\t\t\t\t{ \"time\": 2, \"x\": 0, \"y\": 0 }\n\t\t\t\t],\n\t\t\t\t\"scale\": [\n\t\t\t\t\t{ \"time\": 0, \"x\": 1, \"y\": 1, \"curve\": \"stepped\" },\n\t\t\t\t\t{ \"time\": 1, \"x\": 1, \"y\": 1, \"curve\": \"stepped\" },\n\t\t\t\t\t{ \"time\": 2, \"x\": 1, \"y\": 1 }\n\t\t\t\t]\n\t\t\t},\n\t\t\t\"20093-1-3\": {\n\t\t\t\t\"rotate\": [\n\t\t\t\t\t{ \"time\": 0, \"angle\": 0 },\n\t\t\t\t\t{ \"time\": 1, \"angle\": -4.01 },\n\t\t\t\t\t{ \"time\": 2, \"angle\": 0 }\n\t\t\t\t],\n\t\t\t\t\"translate\": [\n\t\t\t\t\t{ \"time\": 0, \"x\": 0, \"y\": 0, \"curve\": \"stepped\" },\n\t\t\t\t\t{ \"time\": 1, \"x\": 0, \"y\": 0, \"curve\": \"stepped\" },\n\t\t\t\t\t{ \"time\": 2, \"x\": 0, \"y\": 0 }\n\t\t\t\t],\n\t\t\t\t\"scale\": [\n\t\t\t\t\t{ \"time\": 0, \"x\": 1, \"y\": 1, \"curve\": \"stepped\" },\n\t\t\t\t\t{ \"time\": 1, \"x\": 1, \"y\": 1, \"curve\": \"stepped\" },\n\t\t\t\t\t{ \"time\": 2, \"x\": 1, \"y\": 1 }\n\t\t\t\t]\n\t\t\t},\n\t\t\t\"20093-1-2\": {\n\t\t\t\t\"rotate\": [\n\t\t\t\t\t{ \"time\": 0, \"angle\": 3.04 },\n\t\t\t\t\t{ \"time\": 0.1667, \"angle\": 5.32 },\n\t\t\t\t\t{ \"time\": 1, \"angle\": -6.1 },\n\t\t\t\t\t{ \"time\": 1.1667, \"angle\": -8.39 },\n\t\t\t\t\t{ \"time\": 2, \"angle\": 3.04 }\n\t\t\t\t],\n\t\t\t\t\"translate\": [\n\t\t\t\t\t{ \"time\": 0, \"x\": 0, \"y\": 0, \"curve\": \"stepped\" },\n\t\t\t\t\t{ \"time\": 1, \"x\": 0, \"y\": 0, \"curve\": \"stepped\" },\n\t\t\t\t\t{ \"time\": 2, \"x\": 0, \"y\": 0 }\n\t\t\t\t],\n\t\t\t\t\"scale\": [\n\t\t\t\t\t{ \"time\": 0, \"x\": 1, \"y\": 1, \"curve\": \"stepped\" },\n\t\t\t\t\t{ \"time\": 1, \"x\": 1, \"y\": 1, \"curve\": \"stepped\" },\n\t\t\t\t\t{ \"time\": 2, \"x\": 1, \"y\": 1 }\n\t\t\t\t]\n\t\t\t}\n\t\t}\n\t}\n}\n}","_skeletonJson":{"skeleton":{"hash":"JMaEx3jQ4VhKw+OhgWQsAp3c3nI","spine":"3.6.52","width":23.5,"height":52,"images":""},"bones":[{"name":"root","scaleX":0.5,"scaleY":0.5},{"name":"20093-1-1","parent":"root","x":-59.58,"y":739},{"name":"20093-1-3","parent":"20093-1-1","length":30.66,"rotation":-90,"x":3.34,"y":-10.28},{"name":"20093-1-2","parent":"20093-1-3","length":27.38,"rotation":7.35,"x":28.91,"y":-0.44}],"slots":[{"name":"20093-1-3","bone":"20093-1-1","attachment":"20093-1-3"},{"name":"20093-1-2","bone":"20093-1-2","attachment":"20093-1-2"},{"name":"20093-1-1","bone":"20093-1-1","attachment":"20093-1-1"}],"skins":{"default":{},"normal":{"20093-1-1":{"20093-1-1":{"name":"normal/20093-1-1","x":5.58,"y":-1.5,"width":32,"height":61}},"20093-1-2":{"20093-1-2":{"name":"normal/20093-1-2","type":"mesh","uvs":[0.74948,0,0.57394,0,0.29809,0.13748,0,0.31492,0,0.4511,0.13092,0.68219,0.2563,1,0.46527,1,0.97517,0.8555,0.89158,0.5914,0.84143,0.42221,1,0.28191,1,0.16224],"triangles":[5,7,6,7,9,8,9,5,10,5,9,7,5,4,2,10,5,2,11,10,12,10,0,12,4,3,2,1,0,10,2,1,10],"vertices":[1,1,12.81,4,1,1,1,5.96,4,1,1,1,-4.8,-6.86,1,1,2,10.6,-19.76,1,2,2,21.35,-19.76,0.88,3,-9.97,-18.2,0.12,2,2,39.61,-14.65,0.104,3,8.79,-15.47,0.896,1,3,34.32,-13.83,1,1,3,35.36,-5.75,1,1,3,26.59,15.44,1,2,2,32.44,15.01,0.104,3,5.48,14.87,0.896,2,2,19.07,13.06,0.88,3,-8.03,14.64,0.12,1,2,7.99,19.24,1,1,2,-1.47,19.24,1],"hull":13,"edges":[0,2,2,4,4,6,6,8,8,10,10,12,12,14,14,16,16,18,18,20,20,22,22,24,0,24],"width":39,"height":79}},"20093-1-3":{"20093-1-3":{"name":"normal/20093-1-3","x":3.08,"y":-7.5,"width":47,"height":67}}}},"animations":{"l1":{"bones":{"root":{"rotate":[{"time":0,"angle":0,"curve":"stepped"},{"time":1,"angle":0,"curve":"stepped"},{"time":2,"angle":0}],"translate":[{"time":0,"x":0,"y":0,"curve":"stepped"},{"time":1,"x":0,"y":0,"curve":"stepped"},{"time":2,"x":0,"y":0}],"scale":[{"time":0,"x":1,"y":1,"curve":"stepped"},{"time":1,"x":1,"y":1,"curve":"stepped"},{"time":2,"x":1,"y":1}]},"20093-1-1":{"rotate":[{"time":0,"angle":0,"curve":"stepped"},{"time":1,"angle":0,"curve":"stepped"},{"time":2,"angle":0}],"translate":[{"time":0,"x":0,"y":0,"curve":"stepped"},{"time":1,"x":0,"y":0,"curve":"stepped"},{"time":2,"x":0,"y":0}],"scale":[{"time":0,"x":1,"y":1,"curve":"stepped"},{"time":1,"x":1,"y":1,"curve":"stepped"},{"time":2,"x":1,"y":1}]},"20093-1-3":{"rotate":[{"time":0,"angle":0},{"time":1,"angle":-4.01},{"time":2,"angle":0}],"translate":[{"time":0,"x":0,"y":0,"curve":"stepped"},{"time":1,"x":0,"y":0,"curve":"stepped"},{"time":2,"x":0,"y":0}],"scale":[{"time":0,"x":1,"y":1,"curve":"stepped"},{"time":1,"x":1,"y":1,"curve":"stepped"},{"time":2,"x":1,"y":1}]},"20093-1-2":{"rotate":[{"time":0,"angle":3.04},{"time":0.1667,"angle":5.32},{"time":1,"angle":-6.1},{"time":1.1667,"angle":-8.39},{"time":2,