{"__type__":"sp.SkeletonData","_name":"11108","skeletonJsonStr":"{\n\"skeleton\": { \"hash\": \"+tfDuudSoJuYxhbLVROaLgbs/80\", \"spine\": \"3.6.52\", \"width\": 53.18, \"height\": 66.88, \"images\": \"\" },\n\"bones\": [\n\t{ \"name\": \"root\", \"scaleX\": 0.5, \"scaleY\": 0.5 },\n\t{ \"name\": \"11108_1\", \"parent\": \"root\", \"x\": -17.28, \"y\": 757.92 },\n\t{ \"name\": \"11108_2\", \"parent\": \"11108_1\", \"length\": 33.93, \"rotation\": -80.91, \"x\": -19.72, \"y\": -62.63 },\n\t{ \"name\": \"11108_3\", \"parent\": \"11108_1\", \"length\": 34.59, \"rotation\": -81.09, \"x\": 41.25, \"y\": -25.78 },\n\t{ \"name\": \"11108_4\", \"parent\": \"11108_3\", \"length\": 41.44, \"rotation\": -22.95, \"x\": 32.71, \"y\": 0.97 }\n],\n\"slots\": [\n\t{ \"name\": \"11108_2\", \"bone\": \"11108_1\", \"attachment\": \"11108_2\" },\n\t{ \"name\": \"11108_1\", \"bone\": \"11108_1\", \"attachment\": \"11108_1\" }\n],\n\"skins\": {\n\t\"default\": {},\n\t\"normal\": {\n\t\t\"11108_1\": {\n\t\t\t\"11108_1\": {\n\t\t\t\t\"name\": \"normal/11108_1\",\n\t\t\t\t\"type\": \"mesh\",\n\t\t\t\t\"uvs\": [ 0.15507, 0.51339, 0.20862, 0.59149, 0.28826, 0.62723, 0.29375, 0.75961, 0.3734, 0.92772, 0.43656, 0.9489, 0.48462, 0.81123, 0.42695, 0.70931, 0.4091, 0.62194, 0.49698, 0.60605, 0.59722, 0.55178, 0.6645, 0.47236, 0.7208, 0.38764, 0.78534, 0.48427, 0.81417, 0.55708, 0.80593, 0.67489, 0.7716, 0.78079, 0.72217, 0.86418, 0.65626, 0.93964, 0.67823, 0.96346, 0.76886, 0.89992, 0.84713, 0.80859, 0.89656, 0.6868, 0.91029, 0.5531, 0.90205, 0.42867, 0.82928, 0.28041, 0.72492, 0.17849, 0.56838, 0.12421, 0.49286, 0.03685, 0.41184, 0.01169, 0.33083, 0.0011, 0.20999, 0.04611, 0.11662, 0.17584, 0.11799, 0.28041, 0.18253, 0.35984, 0.14957, 0.44323 ],\n\t\t\t\t\"triangles\": [ 21, 15, 22, 19, 17, 20, 19, 18, 17, 20, 16, 21, 20, 17, 16, 16, 15, 21, 13, 24, 23, 22, 14, 23, 14, 13, 23, 15, 14, 22, 5, 4, 6, 6, 3, 7, 6, 4, 3, 13, 12, 24, 12, 25, 24, 8, 2, 34, 2, 1, 35, 11, 10, 34, 29, 27, 34, 27, 29, 28, 30, 29, 34, 34, 31, 30, 11, 34, 27, 11, 27, 12, 12, 27, 26, 31, 34, 32, 34, 33, 32, 9, 8, 34, 10, 9, 34, 35, 34, 2, 1, 0, 35, 12, 26, 25, 7, 2, 8, 7, 3, 2 ],\n\t\t\t\t\"vertices\": [ 1, 1, -46.94, -41.28, 1, 1, 1, -39.76, -52.14, 1, 1, 1, -29.09, -57.11, 1, 2, 1, -28.36, -75.51, 0.4, 2, 11.35, -10.57, 0.6, 1, 2, 36.11, -3.72, 1, 1, 2, 40.36, 4.17, 1, 1, 2, 22.48, 13.55, 1, 2, 1, -10.51, -68.51, 0.4, 2, 7.27, 8.16, 0.6, 1, 1, -12.9, -56.37, 1, 1, 1, -1.12, -54.16, 1, 1, 1, 12.31, -46.62, 1, 1, 1, 21.32, -35.58, 1, 2, 1, 28.87, -23.8, 0.712, 3, -3.87, -11.93, 0.288, 2, 1, 37.52, -37.23, 0.512, 3, 10.74, -5.47, 0.488, 1, 3, 21.34, -3.22, 1, 2, 3, 37.34, -6.85, 0.528, 4, 7.32, -5.39, 0.472, 1, 4, 22.72, -6.29, 1, 1, 4, 35.57, -9.9, 1, 1, 4, 47.89, -15.93, 1, 1, 4, 50.39, -12.27, 1, 1, 4, 38.87, -2.63, 1, 1, 4, 24.01, 4.47, 1, 2, 3, 40.86, 4.89, 0.528, 4, 5.98, 6.79, 0.472, 1, 3, 22.79, 9.59, 1, 2, 1, 53.16, -29.51, 0.512, 3, 5.53, 11.18, 0.488, 1, 1, 43.4, -8.9, 1, 1, 1, 29.42, 5.27, 1, 1, 1, 8.44, 12.81, 1, 1, 1, -1.68, 24.96, 1, 1, 1, -12.53, 28.45, 1, 1, 1, -23.39, 29.93, 1, 1, 1, -39.58, 23.67, 1, 1, 1, -52.09, 5.64, 1, 1, 1, -51.91, -8.9, 1, 1, 1, -43.26, -19.94, 1, 1, 1, -47.68, -31.53, 1 ],\n\t\t\t\t\"hull\": 36,\n\t\t\t\t\"edges\": [ 0, 2, 2, 4, 4, 6, 6, 8, 8, 10, 10, 12, 12, 14, 14, 16, 16, 18, 18, 20, 20, 22, 22, 24, 24, 26, 26, 28, 28, 30, 30, 32, 32, 34, 34, 36, 36, 38, 38, 40, 40, 42, 42, 44, 44, 46, 46, 48, 48, 50, 50, 52, 52, 54, 54, 56, 56, 58, 58, 60, 60, 62, 62, 64, 64, 66, 66, 68, 68, 70, 0, 70 ],\n\t\t\t\t\"width\": 134,\n\t\t\t\t\"height\": 139\n\t\t\t}\n\t\t},\n\t\t\"11108_2\": {\n\t\t\t\"11108_2\": { \"name\": \"normal/11108_2\", \"x\": -35.22, \"y\": -62.92, \"width\": 23, \"height\": 46 }\n\t\t}\n\t}\n},\n\"animations\": {\n\t\"l1\": {\n\t\t\"slots\": {\n\t\t\t\"11108_2\": {\n\t\t\t\t\"attachment\": [\n\t\t\t\t\t{ \"time\": 0, \"name\": null },\n\t\t\t\t\t{ \"time\": 2, \"name\": null }\n\t\t\t\t]\n\t\t\t}\n\t\t},\n\t\t\"bones\": {\n\t\t\t\"root\": {\n\t\t\t\t\"rotate\": [\n\t\t\t\t\t{ \"time\": 0, \"angle\": 0, \"curve\": \"stepped\" },\n\t\t\t\t\t{ \"time\": 0.4, \"angle\": 0, \"curve\": \"stepped\" },\n\t\t\t\t\t{ \"time\": 1.4, \"angle\": 0, \"curve\": \"stepped\" },\n\t\t\t\t\t{ \"time\": 2, \"angle\": 0 }\n\t\t\t\t],\n\t\t\t\t\"translate\": [\n\t\t\t\t\t{ \"time\": 0, \"x\": 0, \"y\": 0, \"curve\": \"stepped\" },\n\t\t\t\t\t{ \"time\": 0.4, \"x\": 0, \"y\": 0, \"curve\": \"stepped\" },\n\t\t\t\t\t{ \"time\": 1.4, \"x\": 0, \"y\": 0, \"curve\": \"stepped\" },\n\t\t\t\t\t{ \"time\": 2, \"x\": 0, \"y\": 0 }\n\t\t\t\t],\n\t\t\t\t\"scale\": [\n\t\t\t\t\t{ \"time\": 0, \"x\": 1, \"y\": 1, \"curve\": \"stepped\" },\n\t\t\t\t\t{ \"time\": 0.4, \"x\": 1, \"y\": 1, \"curve\": \"stepped\" },\n\t\t\t\t\t{ \"time\": 1.4, \"x\": 1, \"y\": 1, \"curve\": \"stepped\" },\n\t\t\t\t\t{ \"time\": 2, \"x\": 1, \"y\": 1 }\n\t\t\t\t]\n\t\t\t},\n\t\t\t\"11108_1\": {\n\t\t\t\t\"rotate\": [\n\t\t\t\t\t{ \"time\": 0, \"angle\": 0, \"curve\": \"stepped\" },\n\t\t\t\t\t{ \"time\": 2, \"angle\": 0 }\n\t\t\t\t],\n\t\t\t\t\"translate\": [\n\t\t\t\t\t{ \"time\": 0, \"x\": 0, \"y\": 0, \"curve\": \"stepped\" },\n\t\t\t\t\t{ \"time\": 2, \"x\": 0, \"y\": 0 }\n\t\t\t\t],\n\t\t\t\t\"scale\": [\n\t\t\t\t\t{ \"time\": 0, \"x\": 1, \"y\": 1, \"curve\": \"stepped\" },\n\t\t\t\t\t{ \"time\": 2, \"x\": 1, \"y\": 1 }\n\t\t\t\t]\n\t\t\t},\n\t\t\t\"11108_2\": {\n\t\t\t\t\"rotate\": [\n\t\t\t\t\t{ \"time\": 0, \"angle\": 0 },\n\t\t\t\t\t{ \"time\": 1, \"angle\": -7.14 },\n\t\t\t\t\t{ \"time\": 2, \"angle\": 0 }\n\t\t\t\t],\n\t\t\t\t\"translate\": [\n\t\t\t\t\t{ \"time\": 0, \"x\": 0, \"y\": 0, \"curve\": \"stepped\" },\n\t\t\t\t\t{ \"time\": 2, \"x\": 0, \"y\": 0 }\n\t\t\t\t],\n\t\t\t\t\"scale\": [\n\t\t\t\t\t{ \"time\": 0, \"x\": 1, \"y\": 1, \"curve\": \"stepped\" },\n\t\t\t\t\t{ \"time\": 2, \"x\": 1, \"y\": 1 }\n\t\t\t\t]\n\t\t\t},\n\t\t\t\"11108_3\": {\n\t\t\t\t\"rotate\": [\n\t\t\t\t\t{ \"time\": 0, \"angle\": 0 },\n\t\t\t\t\t{ \"time\": 1, \"angle\": -0.5 },\n\t\t\t\t\t{ \"time\": 2, \"angle\": 0 }\n\t\t\t\t],\n\t\t\t\t\"translate\": [\n\t\t\t\t\t{ \"time\": 0, \"x\": 0, \"y\": 0, \"curve\": \"stepped\" },\n\t\t\t\t\t{ \"time\": 2, \"x\": 0, \"y\": 0 }\n\t\t\t\t],\n\t\t\t\t\"scale\": [\n\t\t\t\t\t{ \"time\": 0, \"x\": 1, \"y\": 1, \"curve\": \"stepped\" },\n\t\t\t\t\t{ \"time\": 2, \"x\": 1, \"y\": 1 }\n\t\t\t\t]\n\t\t\t},\n\t\t\t\"11108_4\": {\n\t\t\t\t\"rotate\": [\n\t\t\t\t\t{ \"time\": 0, \"angle\": 0 },\n\t\t\t\t\t{ \"time\": 0.1667, \"angle\": 2.23 },\n\t\t\t\t\t{ \"time\": 1.1667, \"angle\": -4.62 },\n\t\t\t\t\t{ \"time\": 2, \"angle\": 0 }\n\t\t\t\t],\n\t\t\t\t\"translate\": [\n\t\t\t\t\t{ \"time\": 0, \"x\": 0, \"y\": 0, \"curve\": \"stepped\" },\n\t\t\t\t\t{ \"time\": 2, \"x\": 0, \"y\": 0 }\n\t\t\t\t],\n\t\t\t\t\"scale\": [\n\t\t\t\t\t{ \"time\": 0, \"x\": 1, \"y\": 1, \"curve\": \"stepped\" },\n\t\t\t\t\t{ \"time\": 2, \"x\": 1, \"y\": 1 }\n\t\t\t\t]\n\t\t\t}\n\t\t}\n\t},\n\t\"l2\": {\n\t\t\"slots\": {\n\t\t\t\"11108_1\": {\n\t\t\t\t\"attachment\": [\n\t\t\t\t\t{ \"time\": 0, \"name\": null },\n\t\t\t\t\t{ \"time\": 2, \"name\": null }\n\t\t\t\t]\n\t\t\t}\n\t\t},\n\t\t\"bones\": {\n\t\t\t\"root\": {\n\t\t\t\t\"rotate\": [\n\t\t\t\t\t{ \"time\": 0, \"angle\": 0, \"curve\": \"stepped\" },\n\t\t\t\t\t{ \"time\": 0.4, \"angle\": 0, \"curve\": \"stepped\" },\n\t\t\t\t\t{ \"time\": 1.4, \"angle\": 0, \"curve\": \"stepped\" },\n\t\t\t\t\t{ \"time\": 2, \"angle\": 0 }\n\t\t\t\t],\n\t\t\t\t\"translate\": [\n\t\t\t\t\t{ \"time\": 0, \"x\": 0, \"y\": 0, \"curve\": \"stepped\" },\n\t\t\t\t\t{ \"time\": 0.4, \"x\": 0, \"y\": 0, \"curve\": \"stepped\" },\n\t\t\t\t\t{ \"time\": 1.4, \"x\": 0, \"y\": 0, \"curve\": \"stepped\" },\n\t\t\t\t\t{ \"time\": 2, \"x\": 0, \"y\": 0 }\n\t\t\t\t],\n\t\t\t\t\"scale\": [\n\t\t\t\t\t{ \"time\": 0, \"x\": 1, \"y\": 1, \"curve\": \"stepped\" },\n\t\t\t\t\t{ \"time\": 0.4, \"x\": 1, \"y\": 1, \"curve\": \"stepped\" },\n\t\t\t\t\t{ \"time\": 1.4, \"x\": 1, \"y\": 1, 