{"__type__":"sp.SkeletonData","_name":"11093","skeletonJsonStr":"{\n\"skeleton\": { \"hash\": \"u2d6E8w7Ywv+jdLEMxxWOa4M4us\", \"spine\": \"3.6.52\", \"width\": 57.99, \"height\": 72.5, \"images\": \"\" },\n\"bones\": [\n\t{ \"name\": \"root\", \"scaleX\": 0.5, \"scaleY\": 0.5 },\n\t{ \"name\": \"11093-1\", \"parent\": \"root\", \"x\": 0.07, \"y\": 757.33 },\n\t{ \"name\": \"11093-3\", \"parent\": \"11093-1\", \"length\": 29.81, \"rotation\": -92.53, \"x\": 33.91, \"y\": -29.05 },\n\t{ \"name\": \"11093-2\", \"parent\": \"11093-3\", \"length\": 30.27, \"rotation\": 5.84, \"x\": 29.38, \"y\": -0.02 },\n\t{ \"name\": \"11093-5\", \"parent\": \"11093-2\", \"length\": 28.03, \"rotation\": -3.32, \"x\": 30.74, \"y\": 0.41 }\n],\n\"slots\": [\n\t{ \"name\": \"11093-1\", \"bone\": \"11093-5\", \"attachment\": \"11093-1\" }\n],\n\"skins\": {\n\t\"default\": {},\n\t\"normal\": {\n\t\t\"11093-1\": {\n\t\t\t\"11093-1\": {\n\t\t\t\t\"name\": \"normal/11093-1\",\n\t\t\t\t\"type\": \"mesh\",\n\t\t\t\t\"uvs\": [ 0.49815, 0, 0.19182, 0, 0.06536, 0.11649, 0, 0.28286, 0, 0.64933, 0.12719, 0.71228, 0.21431, 0.79547, 0.37169, 0.79996, 0.31548, 0.50769, 0.41384, 0.32333, 0.73141, 0.34581, 0.79324, 0.46047, 0.79324, 0.59987, 0.71174, 0.74151, 0.72579, 0.83593, 0.86068, 0.85167, 0.83539, 0.93261, 0.73703, 1, 0.86631, 1, 0.95062, 0.94835, 1, 0.89439, 1, 0.77748, 0.95624, 0.66507, 0.95624, 0.56165, 0.96186, 0.41101, 0.945, 0.26712, 0.76794, 0.11874 ],\n\t\t\t\t\"triangles\": [ 21, 15, 22, 15, 21, 20, 19, 15, 20, 16, 15, 19, 18, 16, 19, 17, 16, 18, 12, 23, 22, 13, 15, 14, 22, 13, 12, 22, 15, 13, 11, 10, 24, 23, 11, 24, 12, 11, 23, 10, 26, 25, 9, 1, 0, 9, 0, 26, 2, 1, 9, 3, 2, 9, 10, 9, 26, 8, 3, 9, 4, 3, 8, 5, 4, 8, 6, 5, 8, 7, 6, 8, 10, 25, 24 ],\n\t\t\t\t\"vertices\": [ 1, 1, -12.29, 22.67, 1, 1, 1, -47.82, 22.67, 1, 1, 1, -62.49, 5.78, 1, 1, 1, -70.07, -18.35, 1, 1, 1, -70.07, -71.48, 1, 1, 1, -55.32, -80.61, 1, 1, 1, -45.21, -92.67, 1, 1, 1, -26.96, -93.33, 1, 1, 1, -33.48, -50.95, 1, 1, 1, -22.07, -24.21, 1, 1, 1, 14.77, -27.47, 1, 2, 1, 21.94, -44.1, 0.01005, 2, 15.56, -11.3, 0.98995, 2, 2, 35.75, -10.41, 0.29885, 3, 5.29, -10.98, 0.70115, 1, 3, 25.24, -21.61, 1, 2, 3, 39.01, -20.77, 0.94823, 4, 9.48, -20.67, 0.05177, 2, 3, 42.19, -5.28, 0.17943, 4, 11.77, -5.02, 0.82057, 1, 4, 23.5, -7.96, 1, 1, 4, 33.27, -19.37, 1, 1, 4, 33.27, -4.37, 1, 1, 4, 25.78, 5.41, 1, 1, 4, 17.96, 11.14, 1, 2, 3, 32.39, 11.47, 0.01187, 4, 1.01, 11.14, 0.98813, 3, 2, 44.36, 8.9, 0.09564, 3, 15.82, 7.35, 0.84151, 4, -15.29, 6.06, 0.06284, 2, 2, 29.38, 8.24, 0.65799, 3, 0.85, 8.22, 0.34201, 2, 2, 7.53, 7.93, 0.98061, 3, -20.92, 10.13, 0.01939, 1, 1, 39.55, -16.06, 1, 1, 1, 19.01, 5.45, 1 ],\n\t\t\t\t\"hull\": 27,\n\t\t\t\t\"edges\": [ 0, 2, 2, 4, 4, 6, 6, 8, 8, 10, 10, 12, 12, 14, 14, 16, 16, 18, 18, 20, 20, 22, 22, 24, 24, 26, 26, 28, 28, 30, 30, 32, 32, 34, 34, 36, 36, 38, 38, 40, 40, 42, 42, 44, 44, 46, 46, 48, 48, 50, 50, 52, 0, 52 ],\n\t\t\t\t\"width\": 116,\n\t\t\t\t\"height\": 145\n\t\t\t}\n\t\t}\n\t}\n},\n\"animations\": {\n\t\"l1\": {\n\t\t\"bones\": {\n\t\t\t\"root\": {\n\t\t\t\t\"rotate\": [\n\t\t\t\t\t{ \"time\": 0, \"angle\": 0, \"curve\": \"stepped\" },\n\t\t\t\t\t{ \"time\": 1, \"angle\": 0, \"curve\": \"stepped\" },\n\t\t\t\t\t{ \"time\": 2, \"angle\": 0 }\n\t\t\t\t],\n\t\t\t\t\"translate\": [\n\t\t\t\t\t{ \"time\": 0, \"x\": 0, \"y\": 0, \"curve\": \"stepped\" },\n\t\t\t\t\t{ \"time\": 1, \"x\": 0, \"y\": 0, \"curve\": \"stepped\" },\n\t\t\t\t\t{ \"time\": 2, \"x\": 0, \"y\": 0 }\n\t\t\t\t],\n\t\t\t\t\"scale\": [\n\t\t\t\t\t{ \"time\": 0, \"x\": 1, \"y\": 1, \"curve\": \"stepped\" },\n\t\t\t\t\t{ \"time\": 1, \"x\": 1, \"y\": 1, \"curve\": \"stepped\" },\n\t\t\t\t\t{ \"time\": 2, \"x\": 1, \"y\": 1 }\n\t\t\t\t]\n\t\t\t},\n\t\t\t\"11093-1\": {\n\t\t\t\t\"rotate\": [\n\t\t\t\t\t{ \"time\": 0, \"angle\": 0, \"curve\": \"stepped\" },\n\t\t\t\t\t{ \"time\": 1, \"angle\": 0, \"curve\": \"stepped\" },\n\t\t\t\t\t{ \"time\": 2, \"angle\": 0 }\n\t\t\t\t],\n\t\t\t\t\"translate\": [\n\t\t\t\t\t{ \"time\": 0, \"x\": 0, \"y\": 0, \"curve\": \"stepped\" },\n\t\t\t\t\t{ \"time\": 1, \"x\": 0, \"y\": 0, \"curve\": \"stepped\" },\n\t\t\t\t\t{ \"time\": 2, \"x\": 0, \"y\": 0 }\n\t\t\t\t],\n\t\t\t\t\"scale\": [\n\t\t\t\t\t{ \"time\": 0, \"x\": 1, \"y\": 1, \"curve\": \"stepped\" },\n\t\t\t\t\t{ \"time\": 1, \"x\": 1, \"y\": 1, \"curve\": \"stepped\" },\n\t\t\t\t\t{ \"time\": 2, \"x\": 1, \"y\": 1 }\n\t\t\t\t]\n\t\t\t},\n\t\t\t\"11093-3\": {\n\t\t\t\t\"rotate\": [\n\t\t\t\t\t{ \"time\": 0, \"angle\": 0 },\n\t\t\t\t\t{ \"time\": 1, \"angle\": -1.54 },\n\t\t\t\t\t{ \"time\": 2, \"angle\": 0 }\n\t\t\t\t],\n\t\t\t\t\"translate\": [\n\t\t\t\t\t{ \"time\": 0, \"x\": 0, \"y\": 0, \"curve\": \"stepped\" },\n\t\t\t\t\t{ \"time\": 1, \"x\": 0, \"y\": 0, \"curve\": \"stepped\" },\n\t\t\t\t\t{ \"time\": 2, \"x\": 0, \"y\": 0 }\n\t\t\t\t],\n\t\t\t\t\"scale\": [\n\t\t\t\t\t{ \"time\": 0, \"x\": 1, \"y\": 1, \"curve\": \"stepped\" },\n\t\t\t\t\t{ \"time\": 1, \"x\": 1, \"y\": 1, \"curve\": \"stepped\" },\n\t\t\t\t\t{ \"time\": 2, \"x\": 1, \"y\": 1 }\n\t\t\t\t]\n\t\t\t},\n\t\t\t\"11093-2\": {\n\t\t\t\t\"rotate\": [\n\t\t\t\t\t{ \"time\": 0, \"angle\": 1.88 },\n\t\t\t\t\t{ \"time\": 0.1667, \"angle\": 3.14 },\n\t\t\t\t\t{ \"time\": 1, \"angle\": -3.12 },\n\t\t\t\t\t{ \"time\": 1.1667, \"angle\": -4.37 },\n\t\t\t\t\t{ \"time\": 2, \"angle\": 1.88 }\n\t\t\t\t],\n\t\t\t\t\"translate\": [\n\t\t\t\t\t{ \"time\": 0, \"x\": 0, \"y\": 0, \"curve\": \"stepped\" },\n\t\t\t\t\t{ \"time\": 1, \"x\": 0, \"y\": 0, \"curve\": \"stepped\" },\n\t\t\t\t\t{ \"time\": 2, \"x\": 0, \"y\": 0 }\n\t\t\t\t],\n\t\t\t\t\"scale\": [\n\t\t\t\t\t{ \"time\": 0, \"x\": 1, \"y\": 1, \"curve\": \"stepped\" },\n\t\t\t\t\t{ \"time\": 1, \"x\": 1, \"y\": 1, \"curve\": \"stepped\" },\n\t\t\t\t\t{ \"time\": 2, \"x\": 1, \"y\": 1 }\n\t\t\t\t]\n\t\t\t},\n\t\t\t\"11093-5\": {\n\t\t\t\t\"rotate\": [\n\t\t\t\t\t{ \"time\": 0, \"angle\": 2.49 },\n\t\t\t\t\t{ \"time\": 0.3333, \"angle\": 6.93 },\n\t\t\t\t\t{ \"time\": 1, \"angle\": -1.95 },\n\t\t\t\t\t{ \"time\": 1.3333, \"angle\": -6.38 },\n\t\t\t\t\t{ \"time\": 2, \"angle\": 2.49 }\n\t\t\t\t],\n\t\t\t\t\"translate\": [\n\t\t\t\t\t{ \"time\": 0, \"x\": 0, \"y\": 0, \"curve\": \"stepped\" },\n\t\t\t\t\t{ \"time\": 1, \"x\": 0, \"y\": 0, \"curve\": \"stepped\" },\n\t\t\t\t\t{ \"time\": 2, \"x\": 0, \"y\": 0 }\n\t\t\t\t],\n\t\t\t\t\"scale\": [\n\t\t\t\t\t{ \"time\": 0, \"x\": 1, \"y\": 1, \"curve\": \"stepped\" },\n\t\t\t\t\t{ \"time\": 1, \"x\": 1, \"y\": 1, \"curve\": \"stepped\" },\n\t\t\t\t\t{ \"time\": 2, \"x\": 1, \"y\": 1 }\n\t\t\t\t]\n\t\t\t}\n\t\t}\n\t}\n}\n}","_skeletonJson":{"skeleton":{"hash":"u2d6E8w7Ywv+jdLEMxxWOa4M4us","spine":"3.6.52","width":57.99,"height":72.5,"images":""},"bones":[{"name":"root","scaleX":0.5,"scaleY":0.5},{"name":"11093-1","parent":"root","x":0.07,"y":757.33},{"name":"11093-3","parent":"11093-1","length":29.81,"rotation":-92.53,"x":33.91,"y":-29.05},{"name":"11093-2","parent":"11093-3","length":30.27,"rotation":5.84,"x":29.38,"y":-0.02},{"name":"11093-5","parent":"11093-2","length":28.03,"rotation":-3.32,"x":30.74,"y":0.41}],"slots":[{"name":"11093-1","bone":"11093-5","attachment":"11093-1"}],"skins":{"default":{},"normal":{"11093-1":{"11093-1":{"name":"normal/11093-1","type":"mesh","uvs":[0.49815,0,0.19182,0,0.06536,0.11649,0,0.28286,0,0.64933,0.12719,0.71228,0.21431,0.79547,0.37169,0.79996,0.31548,0.50769,0.41384,0.32333,0.73141,0.34581,0.79324,0.46047,0.79324,0.59987,0.71174,0.74151,0.72579,0.83593,0.86068,0.85167,0.83539,0.93261,0.73703,1,0.86631,1,0.95062,0.94835,1,0.89439,1,0.77748,0.95624,0.66507,0.95624,0.56165,0.96186,0.41101,0.945,0.26712,0.76794,0.11874],"triangles":[21,15,22,15,21,20,19,15,20,16,15,19,18,16,19,17,16,18,12,23,22,13,15,14,22,13,12,22,15,13,11,10,24,23,11,24,12,11,23,10,26,25,9,1,0,9,0,26,2,1,9,3,2,9,10,9,26,8,3,9,4,3,8,5,4,8,6,5,8,7,6,8,10,25,24],