{"__type__":"sp.SkeletonData","_name":"11048","skeletonJsonStr":"{\n\"skeleton\": { \"hash\": \"0loq28wqWEnpoexWU0T2mRvlUQI\", \"spine\": \"3.6.52\", \"width\": 64.5, \"height\": 168, \"images\": \"\" },\n\"bones\": [\n\t{ \"name\": \"root\", \"scaleX\": 0.5, \"scaleY\": 0.5 },\n\t{ \"name\": \"11048-1-1\", \"parent\": \"root\", \"x\": -30.52, \"y\": 739.99 },\n\t{ \"name\": \"11048-1-2\", \"parent\": \"11048-1-1\", \"length\": 40.36, \"rotation\": -82.78, \"x\": 14.62, \"y\": -164.85 },\n\t{ \"name\": \"11048-1-3\", \"parent\": \"11048-1-2\", \"length\": 39.5, \"rotation\": -5.59, \"x\": 40.29, \"y\": -0.56 },\n\t{ \"name\": \"11048-1-4\", \"parent\": \"11048-1-3\", \"length\": 48.02, \"rotation\": -5, \"x\": 39.5 },\n\t{ \"name\": \"11048-1-5\", \"parent\": \"11048-1-1\", \"length\": 47.9, \"rotation\": -77.76, \"x\": 69.89, \"y\": -158.08 },\n\t{ \"name\": \"11048-1-6\", \"parent\": \"11048-1-5\", \"length\": 43.43, \"rotation\": -12.24, \"x\": 47.78, \"y\": -0.55 },\n\t{ \"name\": \"11048-1-7\", \"parent\": \"11048-1-6\", \"length\": 49.66, \"rotation\": -1.95, \"x\": 43.99 }\n],\n\"slots\": [\n\t{ \"name\": \"11048-2-2\", \"bone\": \"11048-1-1\", \"attachment\": \"11048-2-2\" },\n\t{ \"name\": \"11048-2-1\", \"bone\": \"11048-1-1\", \"attachment\": \"11048-2-1\" },\n\t{ \"name\": \"11048-1-2\", \"bone\": \"11048-1-1\", \"attachment\": \"11048-1-2\" },\n\t{ \"name\": \"11048-1-1\", \"bone\": \"11048-1-1\", \"attachment\": \"11048-1-1\" }\n],\n\"skins\": {\n\t\"default\": {},\n\t\"normal\": {\n\t\t\"11048-1-1\": {\n\t\t\t\"11048-1-1\": {\n\t\t\t\t\"name\": \"normal/11048-1-1\",\n\t\t\t\t\"type\": \"mesh\",\n\t\t\t\t\"uvs\": [ 0.77459, 0.00943, 0.9603, 0.06581, 1, 0.14903, 1, 0.22553, 0.87629, 0.26312, 0.83649, 0.20406, 0.76133, 0.10205, 0.6331, 0.10205, 0.49603, 0.18258, 0.27053, 0.22553, 0.40318, 0.40808, 0.49819, 0.48811, 0.58004, 0.55707, 0.61522, 0.62718, 0.64975, 0.696, 0.68174, 0.75975, 0.62426, 0.82821, 0.71269, 0.88324, 0.64195, 0.98123, 0.45624, 1, 0.38992, 0.94096, 0.39434, 0.88324, 0.47835, 0.82016, 0.43413, 0.75573, 0.41267, 0.70273, 0.39087, 0.64891, 0.36781, 0.59197, 0.28876, 0.52491, 0.19537, 0.44567, 0.09809, 0.35976, 0.05388, 0.21345, 0, 0.13023, 0.03619, 0.04433, 0.2838, 0, 0.56103, 0 ],\n\t\t\t\t\"triangles\": [ 18, 22, 16, 18, 19, 22, 20, 21, 19, 19, 21, 22, 18, 16, 17, 16, 22, 14, 15, 16, 14, 22, 23, 14, 24, 12, 13, 24, 25, 12, 25, 11, 12, 25, 26, 11, 23, 13, 14, 23, 24, 13, 29, 30, 9, 4, 5, 3, 5, 2, 3, 9, 33, 8, 33, 9, 32, 31, 32, 30, 9, 30, 32, 5, 1, 2, 5, 6, 1, 8, 34, 7, 8, 33, 34, 6, 0, 1, 6, 7, 0, 7, 34, 0, 10, 28, 9, 28, 29, 9, 26, 10, 11, 26, 27, 10, 27, 28, 10 ],\n\t\t\t\t\"vertices\": [ 1, 1, 43.52, 25.84, 1, 1, 1, 62.47, 6.9, 1, 1, 1, 66.52, -21.06, 1, 1, 1, 66.52, -46.77, 1, 1, 1, 53.9, -59.4, 1, 1, 1, 49.84, -39.55, 1, 1, 1, 42.17, -5.28, 1, 2, 1, 29.09, -5.28, 0.99922, 2, -156.48, 34.42, 7.8E-4, 1, 1, 15.11, -32.34, 1, 1, 1, -7.89, -46.77, 1, 1, 1, 5.64, -108.1, 1, 1, 1, 15.33, -134.99, 1, 2, 1, 23.68, -158.16, 0.48, 2, -5.49, 9.83, 0.52, 1, 2, 18.33, 10.43, 1, 2, 2, 41.72, 11.01, 0.512, 3, 0.29, 11.66, 0.488, 1, 3, 21.79, 14.31, 1, 2, 3, 44.62, 7.79, 0.496, 4, 4.42, 8.2, 0.504, 1, 4, 22.35, 18.3, 1, 1, 4, 55.64, 13.03, 1, 1, 4, 63.05, -5.51, 1, 1, 4, 43.64, -13.43, 1, 1, 4, 24.26, -14.12, 1, 2, 3, 41.49, -7.01, 0.496, 4, 2.59, -6.81, 0.504, 1, 3, 19.72, -10.9, 1, 2, 2, 40.92, -13.26, 0.512, 3, 1.86, -12.58, 0.488, 2, 2, 22.7, -13.19, 0.99961, 3, -16.28, -14.29, 3.9E-4, 2, 1, 2.03, -169.89, 0.48, 2, 3.42, -13.12, 0.52, 1, 1, -6.03, -147.36, 1, 1, 1, -15.56, -120.73, 1, 1, 1, -25.48, -91.87, 1, 1, 1, -29.99, -42.71, 1, 2, 1, -35.48, -14.75, 0.96332, 2, -155.21, -30.83, 0.03668, 2, 1, -31.79, 14.12, 0.99772, 2, -183.38, -23.54, 0.00228, 1, 1, -6.54, 29.01, 1, 1, 1, 21.74, 29.01, 1 ],\n\t\t\t\t\"hull\": 35,\n\t\t\t\t\"edges\": [ 0, 2, 2, 4, 4, 6, 6, 8, 8, 10, 10, 12, 12, 14, 14, 16, 16, 18, 18, 20, 30, 32, 32, 34, 34, 36, 36, 38, 38, 40, 40, 42, 42, 44, 44, 46, 56, 58, 58, 60, 60, 62, 62, 64, 64, 66, 66, 68, 0, 68, 46, 48, 28, 30, 48, 50, 50, 52, 24, 26, 26, 28, 52, 54, 54, 56, 20, 22, 22, 24 ],\n\t\t\t\t\"width\": 102,\n\t\t\t\t\"height\": 336\n\t\t\t}\n\t\t},\n\t\t\"11048-1-2\": {\n\t\t\t\"11048-1-2\": {\n\t\t\t\t\"name\": \"normal/11048-1-2\",\n\t\t\t\t\"type\": \"mesh\",\n\t\t\t\t\"uvs\": [ 0, 0.0567, 0.30573, 0.24828, 0.35985, 0.30424, 0.46192, 0.40454, 0.52258, 0.52123, 0.54964, 0.60414, 0.60111, 0.72224, 0.54014, 0.77282, 0.44669, 0.85033, 0.47866, 0.94227, 0.69364, 1, 1, 0.92786, 0.99999, 0.85843, 1, 0.7817, 0.87677, 0.73642, 0.95925, 0.68326, 0.95673, 0.61429, 0.95348, 0.52558, 0.87551, 0.38307, 0.77586, 0.2848, 0.72455, 0.22679, 0.45896, 0.0451, 0.33269, 0, 0, 0 ],\n\t\t\t\t\"triangles\": [ 9, 7, 10, 10, 12, 11, 12, 10, 13, 9, 8, 7, 13, 10, 7, 13, 7, 14, 7, 6, 14, 15, 14, 16, 16, 14, 5, 14, 6, 5, 5, 17, 16, 5, 4, 17, 4, 18, 17, 4, 3, 18, 3, 19, 18, 3, 2, 19, 2, 20, 19, 2, 1, 20, 1, 21, 20, 1, 22, 21, 1, 0, 22, 0, 23, 22 ],\n\t\t\t\t\"vertices\": [ 1, 1, 40.52, -109.61, 1, 1, 1, 56.72, -148.89, 1, 2, 1, 59.59, -160.36, 0.472, 5, 0.04, -10.55, 0.528, 1, 5, 21.28, -9.62, 1, 2, 5, 45.34, -11.55, 0.496, 6, -0.05, -11.27, 0.504, 1, 6, 16.95, -9.83, 1, 2, 6, 41.16, -7.1, 0.536, 7, -2.59, -7.2, 0.464, 2, 6, 51.53, -10.34, 0.288, 7, 7.88, -10.07, 0.712, 1, 7, 23.93, -14.48, 1, 1, 7, 42.71, -12.15, 1, 1, 7, 54.15, -0.36, 1, 1, 7, 38.82, 15.37, 1, 1, 7, 24.59, 14.88, 1, 2, 6, 53.35, 14.04, 0.288, 7, 8.87, 14.35, 0.712, 2, 6, 44.06, 7.51, 0.536, 7, -0.18, 7.5, 0.464, 2, 6, 33.16, 11.88, 0.792, 7, -11.23, 11.5, 0.208, 1, 6, 19.03, 11.74, 1, 2, 5, 51.05, 10.58, 0.496, 6, 0.84, 11.57, 0.504, 1, 5, 21.63, 12.73, 1, 2, 1, 81.64, -156.37, 0.472, 5, 0.82, 11.84, 0.528, 1, 1, 78.92, -144.48, 1, 1, 1, 64.84, -107.23, 1, 1, 1, 58.15, -97.99, 1, 1, 1, 40.52, -97.99, 1 ],\n\t\t\t\t\"hull\": 24,\n\t\t\t\t\"edges\": [ 0, 2, 10, 12, 16, 18, 18, 20, 20, 22, 26, 28, 28, 30, 40, 42, 42, 44, 44, 46, 0, 46, 2, 4, 4, 6, 36, 38, 38, 40, 6, 8, 8, 10, 34, 36, 4, 38, 2, 40, 6, 36, 8, 34, 30, 32, 32, 34, 10, 32, 12, 14, 14, 16, 14, 26, 22, 24, 24, 26 ],\n\t\t\t\t\"width\": 53,\n\t\t\t\t\"height\": 205\n\t\t\t}\n\t\t},\n\t\t\"11048-2-1\": {\n\t\t\t\"11048-2-1\": { \"name\": \"normal/11048-2-1\", \"x\": -17.98, \"y\": -59.99, \"width\": 35, \"height\": 84 }\n\t\t},\n\t\t\"11048-2-2\": {\n\t\t\t\"11048-2-2\": { \"name\": \"normal/11048-2-2\", \"x\": 48.52, \"y\": -77.49, \"width\": 26, \"height\": 53 }\n\t\t}\n\t}\n},\n\"animations\": {\n\t\"l1\": {\n\t\t\"bones\": {\n\t\t\t\"root\": {\n\t\t\t\t\"rotate\": [\n\t\t\t\t\t{ \"time\": 0, \"angle\": 0, \"curve\": \"stepped\" },\n\t\t\t\t\t{ \"time\": 1, \"angle\": 0, \"curve\": \"stepped\" },\n\t\t\t\t\t{ \"time\": 2, \"angle\": 0 }\n\t\t\t\t],\n\t\t\t\t\"translate\": [\n\t\t\t\t\t{ \"time\": 0, \"x\": 0, \"y\": 0, \"curve\": \"stepped\" },\n\t\t\t\t\t{ \"time\": 1, \"x\": 0, \"y\": 0, \"curve\": \"stepped\" },\n\t\t\t\t\t{ \"time\": 2, \"x\": 0, \"y\": 0 }\n\t\t\t\t],\n\t\t\t\t\"scale\": [\n\t\t\t\t\t{ \"time\": 0, \"x\": 1, \"y\": 1, \"curve\": \"stepped\" },\n\t\t\t\t\t{ \"time\": 1, \"x\": 1, \"y\": 1, \"curve\": \"stepped\" },\n\t\t\t\t\t{ \"time\": 2, \"x\": 1, \"y\": 1 }\n\t\t\t\t]\n\t\t\t},\n\t\t\t\"11048-1-1\": {\n\t\t\t\t\"rotate\": [\n\t\t\t\t\t{ \"time\": 0, \"angle\": 0, \"curve\": \"stepped\" },\n\t\t\t\t\t{ \"time\": 2, \"angle\": 0 }\n\t\t\t\t],\n\t\t\t\t\"translate\": [\n\t\t\t\t\t{ \"time\": 0, \"x\": 0, \"y\": 0, \"curve\": \"stepped\" },\n\t\t\t\t\t{ \"time\": 2, \"x\": 0, \"y\": 0 }\n\t\t\t\t],\n\t\t\t\t\"scale\": [\n\t\t\t\t\t{ \"time\": 0, \"x\": 1, \"y\": 1, \"curve\": \"stepped\" },\n\t\t\t\t\t{ \"time\": 2, \"x\": 1, \"y\": 1 }\n\t\t\t\t]\n\t\t\t},\n\t\t\t\"11048-1-2\": {\n\t\t\t\t\"rotate\": [\n\t\t\t\t\t{ \"time\": 0, \"angle\": 0 },\n\t\t\t\t\t{ \"time\": 1, \"angle\": -7.59 },\n\t\t\t\t\t{ \"time\": 2, \"angle\": 0 }\n\t\t\t\t],\n\t\t\t\t\"translate\": [\n\t\t\t\t\t{ \"time\": 0, \"x\": 0, \"y\": 0, \"curve\": \"stepped\" },\n\t\t\t\t\t{ \"time\": 2, \"x\": 0, \"y\": 0 