{"__type__":"sp.SkeletonData","_name":"20073","skeletonJsonStr":"{\n\"skeleton\": { \"hash\": \"EsHA/rIIWBTEjWolF9QXg2ndQhU\", \"spine\": \"3.6.52\", \"width\": 101, \"height\": 101.73, \"images\": \"\" },\n\"bones\": [\n\t{ \"name\": \"root\", \"scaleX\": 0.5, \"scaleY\": 0.5 },\n\t{ \"name\": \"20073\", \"parent\": \"root\", \"x\": -5.97, \"y\": 760.31 },\n\t{ \"name\": \"20074\", \"parent\": \"20073\", \"length\": 48.54, \"rotation\": 124.7, \"x\": -38.62, \"y\": 42.3 },\n\t{ \"name\": \"20075\", \"parent\": \"20074\", \"length\": 40.99, \"rotation\": 38.77, \"x\": 48.54 },\n\t{ \"name\": \"20076\", \"parent\": \"20073\", \"length\": 48.38, \"rotation\": -113.96, \"x\": -91.42, \"y\": 14.67 },\n\t{ \"name\": \"20077\", \"parent\": \"20076\", \"length\": 70.09, \"rotation\": 26.98, \"x\": 48.38 }\n],\n\"slots\": [\n\t{ \"name\": \"20073\", \"bone\": \"20073\", \"attachment\": \"20073\" }\n],\n\"skins\": {\n\t\"default\": {},\n\t\"normal\": {\n\t\t\"20073\": {\n\t\t\t\"20073\": {\n\t\t\t\t\"name\": \"normal/20073\",\n\t\t\t\t\"type\": \"mesh\",\n\t\t\t\t\"uvs\": [ 1, 0.73077, 0.98189, 0.766, 0.89777, 0.78278, 0.73217, 0.74083, 0.54027, 0.64688, 0.43162, 0.52021, 0.40445, 0.60242, 0.42285, 0.69218, 0.46579, 0.79033, 0.3475, 0.73496, 0.31858, 0.69386, 0.30018, 0.85408, 0.20467, 0.98326, 0.13062, 0.94249, 0.10557, 0.80486, 0.06745, 0.75064, 0.02498, 0.76941, 0, 0.69225, 0, 0.59945, 0.06092, 0.42846, 0, 0.3878, 0.02035, 0.37612, 0.10348, 0.39378, 0.05269, 0.36222, 0.05501, 0.27646, 0.10373, 0.19854, 0.23862, 0.15337, 0.34448, 0.16105, 0.41265, 0.14799, 0.35892, 0.09118, 0.29636, 0.07889, 0.20814, 0.09271, 0.23381, 0.05125, 0.3533, 0.01901, 0.48201, 0.05106, 0.54968, 0.13421, 0.5931, 0.17482, 0.63956, 0.14678, 0.76185, 0.17937, 0.80604, 0.22168, 0.84656, 0.28163, 0.88339, 0.37213, 0.83305, 0.38388, 0.89444, 0.41209, 0.95951, 0.48849, 0.96688, 0.54138, 0.94109, 0.61895, 0.98775, 0.67889, 0.40569, 0.43799, 0.47916, 0.34505, 0.58673, 0.30988, 0.66151, 0.31114 ],\n\t\t\t\t\"triangles\": [ 18, 15, 17, 10, 15, 18, 16, 17, 15, 14, 15, 10, 11, 14, 10, 13, 14, 11, 12, 13, 11, 22, 24, 25, 23, 24, 22, 19, 21, 22, 20, 21, 19, 26, 22, 25, 6, 22, 48, 10, 22, 6, 10, 6, 7, 19, 22, 10, 10, 18, 19, 9, 10, 7, 9, 7, 8, 26, 48, 22, 49, 27, 28, 30, 32, 33, 29, 33, 34, 30, 33, 29, 31, 32, 30, 28, 29, 34, 28, 34, 35, 36, 49, 35, 51, 37, 38, 36, 37, 51, 49, 28, 35, 40, 51, 39, 49, 48, 27, 42, 40, 41, 42, 51, 40, 5, 48, 49, 6, 48, 5, 45, 46, 43, 45, 43, 44, 50, 5, 49, 4, 5, 50, 42, 4, 51, 46, 3, 42, 46, 42, 43, 4, 50, 51, 42, 3, 4, 47, 2, 46, 1, 47, 0, 2, 3, 46, 47, 1, 2, 51, 38, 39, 50, 36, 51, 50, 49, 36, 48, 26, 27 ],\n\t\t\t\t\"vertices\": [ 1, 1, 51.97, -46.51, 1, 1, 1, 48.31, -53.94, 1, 1, 1, 31.32, -57.48, 1, 1, 1, -2.13, -48.63, 1, 1, 1, -40.9, -28.81, 1, 1, 1, -62.84, -2.08, 1, 4, 1, -68.33, -19.42, 0.02438, 2, -33.83, 59.56, 0.02043, 4, 21.77, 34.95, 0.80669, 5, -7.86, 43.21, 0.14849, 4, 1, -64.61, -38.36, 0.00141, 2, -51.52, 67.29, 1.5E-4, 4, 37.57, 46.03, 0.67647, 5, 11.25, 45.93, 0.32197, 3, 1, -55.94, -59.07, 0, 4, 52.97, 62.37, 0.66011, 5, 32.39, 53.5, 0.33989, 3, 1, -79.84, -47.39, 1.5E-4, 4, 52, 35.79, 0.62682, 5, 19.47, 30.25, 0.37303, 3, 1, -85.68, -38.72, 6.1E-4, 4, 46.45, 26.93, 0.48733, 5, 10.5, 24.88, 0.51205, 1, 5, 44.06, 19.39, 1, 1, 5, 70.27, -1.31, 1, 1, 5, 60.89, -15.8, 1, 2, 4, 85.33, -2.88, 0.00116, 5, 31.62, -19.32, 0.99884, 2, 4, 78, -14.56, 0.07562, 5, 19.8, -26.41, 0.92438, 2, 4, 85.1, -20.79, 0.10708, 5, 23.3, -35.19, 0.89292, 2, 4, 72.28, -32.01, 0.25187, 5, 6.78, -39.37, 0.74813, 2, 4, 54.38, -39.97, 0.59718, 5, -12.78, -38.34, 0.40282, 3, 2, 35.85, 95.72, 0.01741, 4, 16.42, -43.37, 0.97652, 5, -48.16, -24.16, 0.00607, 3, 2, 49.9, 100.96, 0.01102, 4, 13.57, -58.1, 0.98898, 5, -57.37, -35.99, 0, 2, 2, 49.59, 96.18, 0.01167, 4, 9.65, -55.35, 0.98833, 3, 2, 36.97, 84.49, 0.0648, 4, 6.24, -38.49, 0.93518, 5, -55.01, -15.19, 2.0E-5, 2, 2, 48.28, 89.14, 0.13066, 4, 4.32, -50.57, 0.86934, 3, 2, 62.89, 78.45, 0.15717, 3, 60.32, 52.18, 0.2, 4, -12.41, -57.49, 0.64283, 3, 2, 70.81, 61, 0.2, 3, 55.56, 33.61, 0.296, 4, -31.43, -55.18, 0.504, 3, 2, 63.14, 33.17, 0.35765, 3, 32.15, 16.72, 0.28, 4, -51.2, -34.15, 0.36235, 3, 2, 49.63, 16.51, 0.29026, 3, 11.19, 12.19, 0.616, 4, -58.41, -13.95, 0.09374, 3, 2, 44.06, 3.62, 0.3433, 3, -1.23, 5.63, 0.64822, 4, -66.52, -2.48, 0.00848, 2, 3, 12.59, -2.77, 0.99995, 4, -73.06, -17.27, 5.0E-5, 2, 3, 25.44, -1.66, 0.99997, 4, -70.3, -29.87, 3.0E-5, 2, 3, 41.7, 6.21, 1, 4, -60.4, -44.97, 0, 2, 3, 39.22, -3.66, 1, 4, -70.5, -43.79, 0, 2, 3, 18.01, -17.05, 0.99996, 4, -86.52, -24.49, 4.0E-5, 2, 2, 52.9, -19.54, 0.62794, 3, -8.84, -17.96, 0.37206, 3, 1, -38.99, 79.37, 0.00164, 2, 30.7, -20.79, 0.99718, 3, -26.93, -5.03, 0.00118, 2, 1, -30.22, 70.8, 0.03187, 2, 18.66, -23.13, 0.96813, 2, 1, -20.84, 76.72, 0.07906, 2, 18.18, -34.21, 0.92094, 2, 1, 3.86, 69.84, 0.22665, 2, -1.53, -50.6, 0.77335, 2, 1, 12.79, 60.91, 0.31902, 2, -13.96, -52.86, 0.68098, 2, 1, 20.98, 48.26, 0.46442, 2, -29.01, -52.39, 0.53558, 2, 1, 28.42, 29.17, 0.61722, 2, -48.95, -47.64, 0.38278, 1, 1, 18.25, 26.69, 1, 1, 1, 30.65, 20.74, 1, 1, 1, 43.79, 4.62, 1, 1, 1, 45.28, -6.54, 1, 1, 1, 40.07, -22.91, 1, 1, 1, 49.5, -35.56, 1, 1, 1, -68.08, 15.27, 1, 1, 1, -53.24, 34.88, 1, 1, 1, -31.51, 42.3, 1, 1, 1, -16.4, 42.04, 1 ],\n\t\t\t\t\"hull\": 48,\n\t\t\t\t\"edges\": [ 0, 2, 2, 4, 4, 6, 6, 8, 8, 10, 10, 12, 12, 14, 14, 16, 16, 18, 18, 20, 20, 22, 22, 24, 24, 26, 26, 28, 28, 30, 30, 32, 32, 34, 34, 36, 36, 38, 38, 40, 40, 42, 42, 44, 44, 46, 46, 48, 48, 50, 50, 52, 52, 54, 54, 56, 56, 58, 58, 60, 60, 62, 62, 64, 64, 66, 66, 68, 68, 70, 70, 72, 72, 74, 74, 76, 76, 78, 78, 80, 80, 82, 82, 84, 84, 86, 86, 88, 88, 90, 90, 92, 92, 94, 0, 94, 10, 96, 96, 98, 98, 100, 100, 102, 102, 84 ],\n\t\t\t\t\"width\": 202,\n\t\t\t\t\"height\": 211\n\t\t\t}\n\t\t}\n\t}\n},\n\"animations\": {\n\t\"l1\": {\n\t\t\"bones\": {\n\t\t\t\"root\": {\n\t\t\t\t\"rotate\": [\n\t\t\t\t\t{ \"time\": 0, \"angle\": 0, \"curve\": \"stepped\" },\n\t\t\t\t\t{ \"time\": 2, \"angle\": 0 }\n\t\t\t\t],\n\t\t\t\t\"translate\": [\n\t\t\t\t\t{ \"time\": 0, \"x\": 0, \"y\": 0, \"curve\": \"stepped\" },\n\t\t\t\t\t{ \"time\": 2, \"x\": 0, \"y\": 0 }\n\t\t\t\t],\n\t\t\t\t\"scale\": [\n\t\t\t\t\t{ \"time\": 0, \"x\": 1, \"y\": 1, \"curve\": \"stepped\" },\n\t\t\t\t\t{ \"time\": 2, \"x\": 1, \"y\": 1 }\n\t\t\t\t]\n\t\t\t},\n\t\t\t\"20073\": {\n\t\t\t\t\"rotate\": [\n\t\t\t\t\t{ \"time\": 0, \"angle\": 0, \"curve\": \"stepped\" },\n\t\t\t\t\t{ \"time\": 2, \"angle\": 0 }\n\t\t\t\t],\n\t\t\t\t\"translate\": [\n\t\t\t\t\t{ \"time\": 0, \"x\": 0, \"y\": 0, \"curve\": \"stepped\" },\n\t\t\t\t\t{ \"time\": 2, \"x\": 0, \"y\": 0 }\n\t\t\t\t],\n\t\t\t\t\"scale\": [\n\t\t\t\t\t{ \"time\": 0, \"x\": 1, \"y\": 1, \"curve\": \"stepped\" },\n\t\t\t\t\t{ \"time\": 2, \"x\": 1, \"y\": 1 }\n\t\t\t\t]\n\t\t\t},\n\t\t\t\"20074\": {\n\t\t\t\t\"rotate\": [\n\t\t\t\t\t{ \"time\": 0, \"angle\": 0 },\n\t\t\t\t\t{ \"time\": 1, \"angle\": 1.97 },\n\t\t\t\t\t{ \"time\": 2, \"angle\": 0 }\n\t\t\t\t],\n\t\t\t\t\"translate\": [\n\t\t\t\t\t{ \"time\": 0, \"x\": 0, \"y\": 0, \"curve\": \"stepped\" },\n\t\t\t\t\t{ \"time\": 2, \"x\": 0, \"y\": 0 }\n\t\t\t\t],\n\t\t\t\t\"scale\": [\n\t\t\t\t\t{ \"time\": 0, \"x\": 1, \"y\": 1, \"curve\": \"stepped\" },\n\t\t\t\t\t{ \"time\": 2, \"x\": 1, \"y\": 1 }\n\t\t\t\t]\n\t\t\t},\n\t\t\t\"20075\": {\n\t\t\t\t\"rotate\": [\n\t\t\t\t\t{ \"time\": 0, \"angle\": 0 },\n\t\t\t\t\t{ \"time\": 0.1667, \"angle\": -2.21 },\n\t\t\t\t\t{ \"time\": 1.1667, \"angle\": 5.27 },\n\t\t\t\t\t{ \"time\": 2, \"angle\": 0 }\n\t\t\t\t],\n\t\t\t\t\"translate\": [\n\t\t\t\t\t{ \"time\": 0, \"x\": 0, \"y\": 0, \"curve\": \"stepped\" },\n\t\t\t\t\t{ \"time\": 2, \"x\": 0, \"y\": 0 }\n\t\t\t\t],\n\t\t\t\t\"scale\": [\n\t\t\t\t\t{ \"time\": 0, \"x\": 1, \"y\": 1, \"curve\": \"stepped\" },\n\t\t\t\t\t{ \"time\": 2, \"x\": 1, \"y\": 1 }\n\t\t\t\t]\n\t\t\t},\n\t\t\t\"20076\": {\n\t\t\t\t\"rotate\": [\n\t\t\t\t\t{ \"time\": 0, 