{"__type__":"sp.SkeletonData","_name":"29038","skeletonJsonStr":"{\n\"skeleton\": { \"hash\": \"+y3+HTxEUbtmQtHdSr2pxlGVt8A\", \"spine\": \"3.6.52\", \"width\": 167.48, \"height\": 143.48, \"images\": \"\" },\n\"bones\": [\n\t{ \"name\": \"root\", \"scaleX\": 0.5, \"scaleY\": 0.5 },\n\t{ \"name\": \"24026\", \"parent\": \"root\", \"x\": -13.74, \"y\": 596.36 },\n\t{ \"name\": \"24027\", \"parent\": \"24026\", \"length\": 81.32, \"rotation\": 160.09, \"x\": -12.7, \"y\": -0.35 },\n\t{ \"name\": \"24028\", \"parent\": \"24027\", \"length\": 61.96, \"rotation\": -20.31, \"x\": 83.89, \"y\": -1.64 },\n\t{ \"name\": \"24029\", \"parent\": \"24028\", \"length\": 55.83, \"rotation\": 2.25, \"x\": 65.44, \"y\": -1.2 },\n\t{ \"name\": \"24030\", \"parent\": \"24026\", \"length\": 71.16, \"rotation\": 16.24, \"x\": 1.35, \"y\": -1.36 },\n\t{ \"name\": \"24031\", \"parent\": \"24030\", \"length\": 58.93, \"rotation\": 27.81, \"x\": 70.48, \"y\": 1.42 },\n\t{ \"name\": \"24032\", \"parent\": \"24031\", \"length\": 54.34, \"rotation\": 18.3, \"x\": 58.21, \"y\": 0.95 },\n\t{ \"name\": \"24033\", \"parent\": \"24026\", \"length\": 54.6, \"rotation\": -122.21, \"x\": -31.44, \"y\": -66.12 },\n\t{ \"name\": \"24034\", \"parent\": \"24026\", \"length\": 53.52, \"rotation\": -66.96, \"x\": 33.82, \"y\": -60.09 }\n],\n\"slots\": [\n\t{ \"name\": \"24026\", \"bone\": \"24034\", \"attachment\": \"24026\" }\n],\n\"skins\": {\n\t\"default\": {},\n\t\"normal\": {\n\t\t\"24026\": {\n\t\t\t\"24026\": {\n\t\t\t\t\"name\": \"normal/24026\",\n\t\t\t\t\"type\": \"mesh\",\n\t\t\t\t\"uvs\": [ 0.14094, 0, 0.03296, 0, 0, 0.10425, 0, 0.27891, 0, 0.42655, 0.01445, 0.55079, 0.08541, 0.66603, 0.18414, 0.75786, 0.306, 0.82988, 0.35691, 0.84068, 0.3168, 0.8965, 0.34456, 1, 0.42632, 1, 0.48802, 0.93611, 0.51888, 0.83528, 0.51733, 0.77946, 0.56226, 0.69705, 0.57701, 0.69791, 0.60724, 0.76332, 0.63201, 0.87619, 0.67654, 0.97068, 0.75345, 0.98131, 0.77773, 0.86438, 0.72815, 0.80886, 0.7666, 0.81122, 0.82732, 0.75689, 0.91198, 0.68298, 0.9727, 0.59439, 1, 0.49989, 1, 0.39831, 1, 0.26602, 1, 0.1668, 0.98079, 0.08412, 0.95448, 0, 0.87757, 0.01325, 0.82192, 0.1042, 0.75816, 0.18688, 0.69441, 0.27783, 0.64463, 0.37028, 0.60921, 0.44116, 0.58189, 0.46478, 0.54242, 0.46596, 0.47766, 0.41045, 0.40177, 0.31949, 0.33498, 0.21319, 0.26009, 0.1435, 0.18825, 0.0679 ],\n\t\t\t\t\"triangles\": [ 22, 19, 23, 21, 20, 22, 22, 20, 19, 9, 13, 12, 12, 10, 9, 12, 11, 10, 13, 9, 14, 34, 33, 32, 30, 35, 31, 29, 37, 30, 30, 36, 35, 35, 32, 31, 35, 34, 32, 26, 39, 27, 27, 39, 28, 28, 38, 29, 28, 39, 38, 38, 37, 29, 30, 37, 36, 23, 18, 17, 19, 18, 23, 24, 23, 25, 25, 17, 39, 25, 23, 17, 25, 39, 26, 46, 3, 2, 2, 1, 0, 2, 0, 46, 45, 4, 3, 46, 45, 3, 44, 4, 45, 7, 6, 42, 6, 43, 42, 6, 5, 43, 4, 43, 5, 44, 43, 4, 14, 9, 15, 16, 7, 42, 16, 8, 7, 16, 9, 8, 15, 9, 16, 17, 40, 39, 16, 42, 41, 16, 41, 40, 17, 16, 40 ],\n\t\t\t\t\"vertices\": [ 1, 4, 58.1, -74.75, 1, 1, 4, 86.61, -52.51, 1, 1, 4, 76.92, -22.13, 1, 1, 4, 46.09, 17.39, 1, 2, 3, 83.44, 50.35, 0.488, 4, 20.02, 50.79, 0.512, 1, 3, 56.72, 74.44, 1, 1, 3, 17.22, 84.34, 1, 2, 2, 89.24, 84.99, 0.488, 3, -25.04, 83.11, 0.512, 1, 2, 43.82, 90.52, 1, 1, 2, 26.73, 87.62, 1, 1, 8, 46.37, -29.51, 1, 1, 8, 66.55, -5.82, 1, 1, 8, 51.97, 17.35, 1, 1, 8, 25.44, 25.08, 1, 1, 8, -4.55, 18.42, 1, 1, 2, -17.8, 52.8, 1, 1, 1, 1.1, -32.41, 1, 1, 1, 6.04, -32.65, 1, 1, 5, 0.21, -52.21, 1, 1, 9, 18.17, -17.89, 1, 1, 9, 48.96, -14.78, 1, 1, 9, 61.85, 7.74, 1, 1, 9, 34.15, 28.36, 1, 1, 5, 35.43, -76.08, 1, 1, 5, 47.61, -80.34, 1, 2, 5, 71.5, -71.06, 0.736, 6, -32.92, -64.58, 0.264, 2, 5, 104.66, -58.63, 0.168, 6, 2.21, -69.06, 0.832, 1, 6, 34.5, -64.93, 1, 1, 6, 59.93, -51.81, 1, 2, 6, 80.2, -30.86, 0.496, 7, 10.91, -37.1, 0.504, 1, 7, 44.53, -19.48, 1, 1, 7, 69.75, -6.27, 1, 1, 7, 87.78, 10.44, 1, 1, 7, 105.07, 29.45, 1, 1, 7, 89.75, 50.51, 1, 1, 7, 57.97, 54.91, 1, 2, 6, 64.19, 69.07, 0.504, 7, 27.05, 62.81, 0.496, 1, 6, 30.69, 65.17, 1, 2, 5, 43.79, 52.57, 0.496, 6, 0.26, 57.7, 0.504, 1, 5, 26.71, 36.36, 1, 1, 1, 7.67, 34.25, 1, 1, 1, -5.55, 33.91, 1, 1, 2, 30.77, -42.23, 1, 2, 2, 63.57, -58.11, 0.496, 3, 0.53, -60.01, 0.504, 1, 3, 37.32, -68.86, 1, 2, 3, 69.38, -67.93, 0.488, 4, 1.3, -66.84, 0.512, 1, 4, 33.62, -69.14, 1 ],\n\t\t\t\t\"hull\": 47,\n\t\t\t\t\"edges\": [ 0, 2, 2, 4, 4, 6, 6, 8, 8, 10, 10, 12, 12, 14, 14, 16, 16, 18, 18, 20, 20, 22, 22, 24, 24, 26, 26, 28, 28, 30, 30, 32, 32, 34, 34, 36, 36, 38, 38, 40, 40, 42, 42, 44, 44, 46, 46, 48, 48, 50, 50, 52, 52, 54, 54, 56, 56, 58, 58, 60, 60, 62, 62, 64, 64, 66, 66, 68, 68, 70, 70, 72, 72, 74, 74, 76, 76, 78, 78, 80, 80, 82, 82, 84, 84, 86, 86, 88, 88, 90, 90, 92, 0, 92 ],\n\t\t\t\t\"width\": 335,\n\t\t\t\t\"height\": 287\n\t\t\t}\n\t\t}\n\t}\n},\n\"animations\": {\n\t\"l1\": {\n\t\t\"bones\": {\n\t\t\t\"root\": {\n\t\t\t\t\"rotate\": [\n\t\t\t\t\t{ \"time\": 0, \"angle\": 0, \"curve\": \"stepped\" },\n\t\t\t\t\t{ \"time\": 1, \"angle\": 0, \"curve\": \"stepped\" },\n\t\t\t\t\t{ \"time\": 2, \"angle\": 0 }\n\t\t\t\t],\n\t\t\t\t\"translate\": [\n\t\t\t\t\t{ \"time\": 0, \"x\": 0, \"y\": 0, \"curve\": \"stepped\" },\n\t\t\t\t\t{ \"time\": 1, \"x\": 0, \"y\": 0, \"curve\": \"stepped\" },\n\t\t\t\t\t{ \"time\": 2, \"x\": 0, \"y\": 0 }\n\t\t\t\t],\n\t\t\t\t\"scale\": [\n\t\t\t\t\t{ \"time\": 0, \"x\": 1, \"y\": 1, \"curve\": \"stepped\" },\n\t\t\t\t\t{ \"time\": 1, \"x\": 1, \"y\": 1, \"curve\": \"stepped\" },\n\t\t\t\t\t{ \"time\": 2, \"x\": 1, \"y\": 1 }\n\t\t\t\t]\n\t\t\t},\n\t\t\t\"24026\": {\n\t\t\t\t\"rotate\": [\n\t\t\t\t\t{ \"time\": 0, \"angle\": 0, \"curve\": \"stepped\" },\n\t\t\t\t\t{ \"time\": 1, \"angle\": 0, \"curve\": \"stepped\" },\n\t\t\t\t\t{ \"time\": 2, \"angle\": 0 }\n\t\t\t\t],\n\t\t\t\t\"translate\": [\n\t\t\t\t\t{ \"time\": 0, \"x\": 0, \"y\": 0, \"curve\": \"stepped\" },\n\t\t\t\t\t{ \"time\": 1, \"x\": 0, \"y\": 0, \"curve\": \"stepped\" },\n\t\t\t\t\t{ \"time\": 2, \"x\": 0, \"y\": 0 }\n\t\t\t\t],\n\t\t\t\t\"scale\": [\n\t\t\t\t\t{ \"time\": 0, \"x\": 1, \"y\": 1, \"curve\": \"stepped\" },\n\t\t\t\t\t{ \"time\": 1, \"x\": 1, \"y\": 1, \"curve\": \"stepped\" },\n\t\t\t\t\t{ \"time\": 2, \"x\": 1, \"y\": 1 }\n\t\t\t\t]\n\t\t\t},\n\t\t\t\"24027\": {\n\t\t\t\t\"rotate\": [\n\t\t\t\t\t{ \"time\": 0, \"angle\": 0 },\n\t\t\t\t\t{ \"time\": 1, \"angle\": -7.19 },\n\t\t\t\t\t{ \"time\": 2, \"angle\": 0 }\n\t\t\t\t],\n\t\t\t\t\"translate\": [\n\t\t\t\t\t{ \"time\": 0, \"x\": 0, \"y\": 0, \"curve\": \"stepped\" },\n\t\t\t\t\t{ \"time\": 1, \"x\": 0, \"y\": 0, \"curve\": \"stepped\" },\n\t\t\t\t\t{ \"time\": 2, \"x\": 0, \"y\": 0 }\n\t\t\t\t],\n\t\t\t\t\"scale\": [\n\t\t\t\t\t{ \"time\": 0, \"x\": 1, \"y\": 1 },\n\t\t\t\t\t{ \"time\": 1, \"x\": 0.95, \"y\": 0.95 },\n\t\t\t\t\t{ \"time\": 2, \"x\": 1, \"y\": 1 }\n\t\t\t\t]\n\t\t\t},\n\t\t\t\"24030\": {\n\t\t\t\t\"rotate\": [\n\t\t\t\t\t{ \"time\": 0, \"angle\": 0 },\n\t\t\t\t\t{ \"time\": 1, \"angle\": 5.58 },\n\t\t\t\t\t{ \"time\": 2, \"angle\": 0 }\n\t\t\t\t],\n\t\t\t\t\"translate\": [\n\t\t\t\t\t{ \"time\": 0, \"x\": 0, \"y\": 0, \"curve\": \"stepped\" },\n\t\t\t\t\t{ \"time\": 1, \"x\": 0, \"y\": 0, \"curve\": \"stepped\" },\n\t\t\t\t\t{ \"time\": 2, \"x\": 0, \"y\": 0 }\n\t\t\t\t],\n\t\t\t\t\"scale\": [\n\t\t\t\t\t{ \"time\": 0, \"x\": 1, \"y\": 1 },\n\t\t\t\t\t{ \"time\": 1, \"x\": 0.95, \"y\": 0.95 },\n\t\t\t\t\t{ \"time\": 2, \"x\": 1, \"y\": 1 }\n\t\t\t\t]\n\t\t\t},\n\t\t\t\"24033\": {\n\t\t\t\t\"rotate\": [\n\t\t\t\t\t{ \"time\": 0, \"angle\": 0 },\n\t\t\t\t\t{ \"time\": 1, \"angle\": -15.36 },\n\t\t\t\t\t{ \"time\": 2, \"angle\": 0 }\n\t\t\t\t],\n\t\t\t\t\"translate\": [\n\t\t\t\t\t{ \"time\": 0, \"x\": 0, \"y\": 0, \"curve\": \"stepped\" },\n\t\t\t\t\t{ \"time\": 1, \"x\": 0, \"y\": 0, \"curve\": \"stepped\" },\n\t\t\t\t\t{ \"time\": 2, \"x\": 0, \"y\": 0 }\n\t\t\t\t],\n\t\t\t\t\"scale\": [\n\t\t\t\t\t{ \"time\": 0, \"x\": 1, \"y\": 1 },\n\t\t\t\t\t{ \"time\": 1, \"x\": 0.793, \"y\": 0.981 },\n\t\t\t\t\t{ \"time\": 2, \"x\": 1, \"y\": 1 