{"__type__":"sp.SkeletonData","_name":"27120","skeletonJsonStr":"{\n\"skeleton\": { \"hash\": \"rOrt11/ASHn8wGGcsYt9ey7LAZw\", \"spine\": \"3.6.52\", \"width\": 70.15, \"height\": 104.06, \"images\": \"\" },\n\"bones\": [\n\t{ \"name\": \"root\", \"scaleX\": 0.5, \"scaleY\": 0.5 },\n\t{ \"name\": \"27120\", \"parent\": \"root\", \"x\": 217.12, \"y\": 529.69 },\n\t{ \"name\": \"27121\", \"parent\": \"27120\", \"length\": 29.86, \"rotation\": -113.96, \"x\": -29.8, \"y\": -58.25 },\n\t{ \"name\": \"27122\", \"parent\": \"27121\", \"length\": 27.38, \"rotation\": -24.4, \"x\": 30.17, \"y\": -0.69 },\n\t{ \"name\": \"27123\", \"parent\": \"27120\", \"x\": 3.56, \"y\": 56.21 }\n],\n\"slots\": [\n\t{ \"name\": \"27120\", \"bone\": \"27120\", \"attachment\": \"27120\" }\n],\n\"skins\": {\n\t\"default\": {},\n\t\"normal\": {\n\t\t\"27120\": {\n\t\t\t\"27120\": {\n\t\t\t\t\"name\": \"normal/27120\",\n\t\t\t\t\"type\": \"mesh\",\n\t\t\t\t\"uvs\": [ 0.3954, 0.03536, 0.27525, 0.09447, 0.16875, 0.34891, 0.19879, 0.72415, 0.3545, 0.77075, 0.34775, 0.78014, 0.31403, 0.7898, 0.30582, 0.82568, 0.32781, 0.84611, 0.27378, 0.87976, 0.21031, 0.88935, 0.19072, 0.92549, 0.21266, 0.9572, 0.29651, 0.97711, 0.34118, 0.9395, 0.36312, 0.89082, 0.36155, 0.84878, 0.37958, 0.84214, 0.39212, 0.80453, 0.36747, 0.78269, 0.36997, 0.77654, 0.44841, 0.80683, 0.52745, 0.81444, 0.78565, 0.50221, 0.84328, 0.35, 0.80749, 0.21189, 0.75245, 0.10397, 0.56134, 0.04785 ],\n\t\t\t\t\"triangles\": [ 14, 13, 9, 12, 10, 9, 13, 12, 9, 11, 10, 12, 5, 4, 19, 17, 19, 18, 8, 6, 5, 7, 6, 8, 5, 16, 8, 19, 16, 5, 19, 17, 16, 8, 15, 9, 15, 8, 16, 14, 9, 15, 25, 23, 27, 23, 25, 24, 25, 27, 26, 27, 2, 1, 1, 0, 27, 23, 4, 27, 27, 3, 2, 22, 21, 23, 3, 27, 4, 20, 4, 23, 19, 4, 20, 23, 21, 20 ],\n\t\t\t\t\"vertices\": [ 1, 4, -30.43, 50.29, 1, 2, 1, -51.87, 93.44, 0.184, 4, -55.42, 37.22, 0.816, 2, 1, -74.02, 37.2, 0.504, 4, -77.57, -19.01, 0.496, 1, 1, -67.77, -45.72, 1, 1, 1, -35.38, -56.02, 1, 1, 2, 2.7, -6.45, 1, 2, 2, 7.5, -11.99, 1, 3, -15.97, -19.65, 0, 2, 2, 15.44, -10.33, 0.99922, 3, -9.43, -14.86, 7.8E-4, 1, 2, 17.71, -4.32, 1, 2, 2, 29.07, -11.57, 0.488, 3, 3.49, -10.36, 0.512, 1, 3, 14.77, -17.54, 1, 1, 3, 23.12, -14.28, 1, 1, 3, 24.36, -6.01, 1, 1, 3, 14.25, 8.87, 1, 2, 2, 35.44, 6.61, 0.488, 3, 1.78, 8.82, 0.512, 1, 2, 23.76, 6.41, 1, 2, 1, -33.91, -73.27, 0, 2, 15.4, 2.34, 1, 2, 1, -30.17, -71.8, 1.0E-5, 2, 12.54, 5.17, 0.99999, 2, 1, -27.56, -63.49, 4.0E-5, 2, 3.88, 4.17, 0.99996, 1, 2, 1.55, -2.47, 1, 1, 1, -32.16, -57.3, 1, 1, 1, -15.85, -64, 1, 1, 1, 0.59, -65.68, 1, 2, 1, 54.3, 3.33, 0.528, 4, 50.74, -52.89, 0.472, 2, 1, 66.28, 36.96, 0.416, 4, 62.73, -19.25, 0.584, 2, 1, 58.84, 67.49, 0.288, 4, 55.28, 11.28, 0.712, 1, 4, 43.84, 35.13, 1, 1, 4, 4.09, 47.53, 1 ],\n\t\t\t\t\"hull\": 28,\n\t\t\t\t\"edges\": [ 0, 2, 2, 4, 4, 6, 6, 8, 8, 10, 10, 12, 12, 14, 14, 16, 16, 18, 18, 20, 20, 22, 22, 24, 24, 26, 26, 28, 28, 30, 30, 32, 32, 34, 34, 36, 36, 38, 38, 40, 40, 42, 42, 44, 44, 46, 46, 48, 48, 50, 50, 52, 52, 54, 0, 54 ],\n\t\t\t\t\"width\": 208,\n\t\t\t\t\"height\": 221\n\t\t\t}\n\t\t}\n\t}\n},\n\"animations\": {\n\t\"l1\": {\n\t\t\"bones\": {\n\t\t\t\"root\": {\n\t\t\t\t\"rotate\": [\n\t\t\t\t\t{ \"time\": 0, \"angle\": 0, \"curve\": \"stepped\" },\n\t\t\t\t\t{ \"time\": 1, \"angle\": 0, \"curve\": \"stepped\" },\n\t\t\t\t\t{ \"time\": 2, \"angle\": 0 }\n\t\t\t\t],\n\t\t\t\t\"translate\": [\n\t\t\t\t\t{ \"time\": 0, \"x\": 0, \"y\": 0, \"curve\": \"stepped\" },\n\t\t\t\t\t{ \"time\": 1, \"x\": 0, \"y\": 0, \"curve\": \"stepped\" },\n\t\t\t\t\t{ \"time\": 2, \"x\": 0, \"y\": 0 }\n\t\t\t\t],\n\t\t\t\t\"scale\": [\n\t\t\t\t\t{ \"time\": 0, \"x\": 1, \"y\": 1, \"curve\": \"stepped\" },\n\t\t\t\t\t{ \"time\": 1, \"x\": 1, \"y\": 1, \"curve\": \"stepped\" },\n\t\t\t\t\t{ \"time\": 2, \"x\": 1, \"y\": 1 }\n\t\t\t\t]\n\t\t\t},\n\t\t\t\"27120\": {\n\t\t\t\t\"rotate\": [\n\t\t\t\t\t{ \"time\": 0, \"angle\": 0, \"curve\": \"stepped\" },\n\t\t\t\t\t{ \"time\": 1, \"angle\": 0, \"curve\": \"stepped\" },\n\t\t\t\t\t{ \"time\": 2, \"angle\": 0 }\n\t\t\t\t],\n\t\t\t\t\"translate\": [\n\t\t\t\t\t{ \"time\": 0, \"x\": 0, \"y\": 0 },\n\t\t\t\t\t{ \"time\": 1, \"x\": -2.01, \"y\": 3.01 },\n\t\t\t\t\t{ \"time\": 2, \"x\": 0, \"y\": 0 }\n\t\t\t\t],\n\t\t\t\t\"scale\": [\n\t\t\t\t\t{ \"time\": 0, \"x\": 1, \"y\": 1, \"curve\": \"stepped\" },\n\t\t\t\t\t{ \"time\": 2, \"x\": 1, \"y\": 1 }\n\t\t\t\t],\n\t\t\t\t\"shear\": [\n\t\t\t\t\t{ \"time\": 1, \"x\": 0, \"y\": 0 }\n\t\t\t\t]\n\t\t\t},\n\t\t\t\"27121\": {\n\t\t\t\t\"rotate\": [\n\t\t\t\t\t{ \"time\": 0, \"angle\": 0 },\n\t\t\t\t\t{ \"time\": 0.1667, \"angle\": 0.87 },\n\t\t\t\t\t{ \"time\": 1.1667, \"angle\": -1.44 },\n\t\t\t\t\t{ \"time\": 2, \"angle\": 0 }\n\t\t\t\t],\n\t\t\t\t\"translate\": [\n\t\t\t\t\t{ \"time\": 0, \"x\": 0, \"y\": 0, \"curve\": \"stepped\" },\n\t\t\t\t\t{ \"time\": 2, \"x\": 0, \"y\": 0 }\n\t\t\t\t],\n\t\t\t\t\"scale\": [\n\t\t\t\t\t{ \"time\": 0, \"x\": 1, \"y\": 1, \"curve\": \"stepped\" },\n\t\t\t\t\t{ \"time\": 2, \"x\": 1, \"y\": 1 }\n\t\t\t\t]\n\t\t\t},\n\t\t\t\"27122\": {\n\t\t\t\t\"rotate\": [\n\t\t\t\t\t{ \"time\": 0, \"angle\": 0 },\n\t\t\t\t\t{ \"time\": 0.3333, \"angle\": 2.71 },\n\t\t\t\t\t{ \"time\": 1.3333, \"angle\": -2.77 },\n\t\t\t\t\t{ \"time\": 2, \"angle\": 0 }\n\t\t\t\t],\n\t\t\t\t\"translate\": [\n\t\t\t\t\t{ \"time\": 0, \"x\": 0, \"y\": 0, \"curve\": \"stepped\" },\n\t\t\t\t\t{ \"time\": 2, \"x\": 0, \"y\": 0 }\n\t\t\t\t],\n\t\t\t\t\"scale\": [\n\t\t\t\t\t{ \"time\": 0, \"x\": 1, \"y\": 1, \"curve\": \"stepped\" },\n\t\t\t\t\t{ \"time\": 2, \"x\": 1, \"y\": 1 }\n\t\t\t\t]\n\t\t\t},\n\t\t\t\"27123\": {\n\t\t\t\t\"rotate\": [\n\t\t\t\t\t{ \"time\": 0, \"angle\": 0, \"curve\": \"stepped\" },\n\t\t\t\t\t{ \"time\": 2, \"angle\": 0 }\n\t\t\t\t],\n\t\t\t\t\"translate\": [\n\t\t\t\t\t{ \"time\": 0, \"x\": 0, \"y\": 0, \"curve\": \"stepped\" },\n\t\t\t\t\t{ \"time\": 2, \"x\": 0, \"y\": 0 }\n\t\t\t\t],\n\t\t\t\t\"scale\": [\n\t\t\t\t\t{ \"time\": 0, \"x\": 1, \"y\": 1 },\n\t\t\t\t\t{ \"time\": 1, \"x\": 1.027, \"y\": 1.027 },\n\t\t\t\t\t{ \"time\": 2, \"x\": 1, \"y\": 1 }\n\t\t\t\t]\n\t\t\t}\n\t\t}\n\t}\n}\n}","_skeletonJson":{"skeleton":{"hash":"rOrt11/ASHn8wGGcsYt9ey7LAZw","spine":"3.6.52","width":70.15,"height":104.06,"images":""},"bones":[{"name":"root","scaleX":0.5,"scaleY":0.5},{"name":"27120","parent":"root","x":217.12,"y":529.69},{"name":"27121","parent":"27120","length":29.86,"rotation":-113.96,"x":-29.8,"y":-58.25},{"name":"27122","parent":"27121","length":27.38,"rotation":-24.4,"x":30.17,"y":-0.69},{"name":"27123","parent":"27120","x":3.56,"y":56.21}],"slots":[{"name":"27120","bone":"27120","attachment":"27120"}],"skins":{"default":{},"normal":{"27120":{"27120":{"name":"normal/27120","type":"mesh","uvs":[0.3954,0.03536,0.27525,0.09447,0.16875,0.34891,0.19879,0.72415,0.3545,0.77075,0.34775,0.78014,0.31403,0.7898,0.30582,0.82568,0.32781,0.84611,0.27378,0.87976,0.21031,0.88935,0.19072,0.92549,0.21266,0.9572,0.29651,0.97711,0.34118,0.9395,0.36312,0.89082,0.36155,0.84878,0.37958,0.84214,0.39212,0.80453,0.36747,0.78269,0.36997,0.77654,0.44841,0.80683,0.52745,0.81444,0.78565,0.50221,0.84328,0.35,0.80749,0.21189,0.75245,0.10397,0.56134,0.04785],"triangles":[14,13,9,12,10,9,13,12,9,11,10,12,5,4,19,17,19,18,8,6,5,7,6,8,5,16,8,19,16,5,19,17,16,8,15,9,15,8,16,14,9,15,25,23,27,23,25,24,25,27,26,27,2,1,1,0,27,23,4,27,27,3,2,22,21,23,3,27,4,20,4,23,19,4,20,23,21,20],