{"__type__":"sp.SkeletonData","_name":"12091","skeletonJsonStr":"{\n\"skeleton\": { \"hash\": \"ej9DQPY0lFTwZamJQ93KLLn8KhM\", \"spine\": \"3.6.52\", \"width\": 185.01, \"height\": 214.51, \"images\": \"\" },\n\"bones\": [\n\t{ \"name\": \"root\", \"scaleX\": 0.5, \"scaleY\": 0.5 },\n\t{ \"name\": \"12091\", \"parent\": \"root\", \"x\": 16.05, \"y\": 593.78 },\n\t{ \"name\": \"12093\", \"parent\": \"12091\", \"length\": 53.06, \"rotation\": -127.61, \"x\": -94.32, \"y\": -138.26 },\n\t{ \"name\": \"12092\", \"parent\": \"12093\", \"length\": 62.52, \"rotation\": 12.9, \"x\": 52.26, \"y\": 0.1 },\n\t{ \"name\": \"12096\", \"parent\": \"12091\", \"length\": 65.87, \"rotation\": -60.56, \"x\": 55.63, \"y\": -125.77 },\n\t{ \"name\": \"12094\", \"parent\": \"12096\", \"length\": 70.47, \"rotation\": -8.67, \"x\": 65.44, \"y\": 1.55 },\n\t{ \"name\": \"12095\", \"parent\": \"12092\", \"length\": 81.45, \"rotation\": -9.21, \"x\": 62.05, \"y\": 1.03 },\n\t{ \"name\": \"12098\", \"parent\": \"12094\", \"length\": 81.3, \"rotation\": 6.69, \"x\": 70.47 }\n],\n\"slots\": [\n\t{ \"name\": \"12091\", \"bone\": \"12098\", \"attachment\": \"12091\" },\n\t{ \"name\": \"26091\", \"bone\": \"12091\", \"attachment\": \"26091\" },\n\t{ \"name\": \"22091\", \"bone\": \"12091\", \"attachment\": \"22091\" }\n],\n\"skins\": {\n\t\"default\": {},\n\t\"normal\": {\n\t\t\"12091\": {\n\t\t\t\"12091\": {\n\t\t\t\t\"name\": \"normal/12091\",\n\t\t\t\t\"type\": \"mesh\",\n\t\t\t\t\"uvs\": [ 0.5314, 0, 0.42502, 0, 0.31155, 0.04371, 0.12894, 0.27767, 0.19986, 0.42599, 0.26191, 0.42294, 0.29737, 0.45199, 0.23177, 0.5208, 0.16617, 0.61102, 0.10766, 0.70277, 0.06688, 0.7777, 0, 0.83733, 0, 0.8725, 0.05979, 0.92449, 0.19276, 0.96425, 0.32219, 0.99177, 0.45871, 1, 0.60764, 1, 0.7477, 0.9933, 0.90373, 0.95508, 1, 0.88473, 1, 0.84039, 0.93919, 0.78687, 0.92323, 0.70277, 0.85586, 0.59726, 0.79912, 0.5101, 0.74061, 0.43823, 0.78671, 0.41988, 0.84699, 0.43517, 0.87181, 0.38777, 0.81325, 0.34015, 0.79906, 0.30192, 0.68914, 0.25758, 0.70155, 0.175, 0.63595, 0.05114, 0.35081, 0.47361, 0.40541, 0.46334, 0.44321, 0.4881, 0.49921, 0.45912, 0.44881, 0.39814, 0.35641, 0.41203 ],\n\t\t\t\t\"triangles\": [ 24, 38, 25, 23, 18, 24, 24, 18, 17, 19, 18, 22, 19, 22, 20, 18, 23, 22, 22, 21, 20, 37, 17, 16, 16, 15, 37, 13, 10, 14, 10, 9, 14, 14, 9, 15, 10, 13, 11, 13, 12, 11, 8, 15, 9, 7, 35, 37, 30, 27, 26, 28, 27, 29, 27, 30, 29, 30, 26, 31, 38, 37, 39, 35, 40, 36, 35, 6, 40, 37, 36, 39, 36, 40, 39, 6, 5, 40, 38, 39, 32, 39, 40, 2, 40, 3, 2, 2, 1, 39, 32, 0, 34, 32, 39, 0, 39, 1, 0, 32, 34, 33, 4, 3, 5, 5, 3, 40, 26, 38, 32, 31, 26, 32, 37, 38, 17, 35, 36, 37, 7, 6, 35, 25, 38, 26, 8, 7, 37, 37, 15, 8, 38, 24, 17 ],\n\t\t\t\t\"vertices\": [ 1, 1, -12.43, 67.22, 1, 1, 1, -52.44, 67.22, 1, 1, 1, -94.43, 48.47, 1, 1, 1, -162, -51.9, 1, 1, 1, -135.76, -115.53, 1, 1, 1, -112.8, -114.22, 1, 1, 1, -99.68, -126.69, 1, 1, 2, 32.29, -12.52, 1, 1, 3, 23.03, -13.72, 1, 2, 3, 67.83, -16.94, 0.55327, 6, 8.59, -16.82, 0.44673, 2, 3, 103.34, -17.22, 0.00361, 6, 43.68, -11.4, 0.99639, 1, 6, 78.72, -17.67, 1, 1, 6, 91.24, -9.25, 1, 3, 6, 97.41, 21.55, 0.99011, 4, 57.8, -311.89, 0.00244, 7, -66.81, -305.3, 0.00745, 3, 6, 84.11, 71.9, 0.91552, 4, 96.83, -277.42, 0.02477, 7, -28.99, -269.51, 0.05971, 4, 2, 171.95, 137.28, 0.002, 6, 67.19, 118.23, 0.79238, 4, 130.65, -241.52, 0.0597, 7, 3.57, -232.46, 0.14591, 4, 2, 143.92, 179.45, 0.00813, 6, 41.94, 162.12, 0.62246, 4, 158.55, -199.26, 0.09214, 7, 30, -189.27, 0.27727, 4, 2, 110.29, 223.1, 0.00824, 6, 11.2, 207.85, 0.40116, 4, 185.63, -151.28, 0.09589, 7, 55.41, -140.38, 0.49471, 4, 2, 76.39, 262.41, 0.00249, 6, -20.1, 249.26, 0.20144, 4, 208.6, -104.73, 0.05682, 7, 76.76, -93.07, 0.73925, 3, 6, -65.92, 288.01, 0.04021, 4, 222.69, -46.4, 0.00881, 7, 88.82, -34.28, 0.95099, 1, 7, 78.47, 11.24, 1, 1, 7, 61.59, 20.02, 1, 1, 7, 30.84, 10.64, 1, 2, 7, -3.89, 22.04, 0.27976, 5, 64.04, 21.43, 0.72024, 1, 5, 12.87, 14.18, 1, 2, 4, 37.42, 13.72, 0.83665, 5, -29.53, 7.81, 0.16335, 1, 1, 64.32, -120.78, 1, 1, 1, 81.38, -112.91, 1, 1, 1, 103.68, -119.47, 1, 1, 1, 112.87, -99.13, 1, 1, 1, 91.2, -78.71, 1, 1, 1, 85.95, -62.31, 1, 1, 1, 45.28, -43.28, 1, 1, 1, 49.87, -7.86, 1, 1, 1, 25.6, 45.28, 1, 1, 1, -79.9, -135.96, 1, 1, 1, -59.7, -131.56, 1, 1, 1, -45.72, -142.18, 1, 1, 1, -26.81, -131.82, 1, 1, 1, -43.38, -106.17, 1, 1, 1, -77.83, -109.54, 1 ],\n\t\t\t\t\"hull\": 35,\n\t\t\t\t\"edges\": [ 0, 2, 2, 4, 4, 6, 6, 8, 8, 10, 10, 12, 12, 14, 14, 16, 16, 18, 18, 20, 20, 22, 22, 24, 24, 26, 26, 28, 28, 30, 30, 32, 32, 34, 34, 36, 36, 38, 38, 40, 40, 42, 42, 44, 44, 46, 46, 48, 48, 50, 50, 52, 52, 54, 54, 56, 56, 58, 58, 60, 60, 62, 62, 64, 64, 66, 66, 68, 0, 68, 80, 12, 80, 78, 78, 76, 76, 74, 74, 72, 72, 70, 70, 12 ],\n\t\t\t\t\"width\": 370,\n\t\t\t\t\"height\": 429\n\t\t\t}\n\t\t},\n\t\t\"22091\": {\n\t\t\t\"22091\": { \"name\": \"normal/22091\", \"x\": -29.05, \"y\": 30.72, \"width\": 58, \"height\": 47 }\n\t\t},\n\t\t\"26091\": {\n\t\t\t\"26091\": { \"name\": \"normal/26091\", \"x\": 7.95, \"y\": -112.28, \"width\": 210, \"height\": 31 }\n\t\t}\n\t}\n},\n\"animations\": {\n\t\"l1\": {\n\t\t\"bones\": {\n\t\t\t\"root\": {\n\t\t\t\t\"rotate\": [\n\t\t\t\t\t{ \"time\": 0, \"angle\": 0, \"curve\": \"stepped\" },\n\t\t\t\t\t{ \"time\": 1, \"angle\": 0, \"curve\": \"stepped\" },\n\t\t\t\t\t{ \"time\": 2, \"angle\": 0 }\n\t\t\t\t],\n\t\t\t\t\"translate\": [\n\t\t\t\t\t{ \"time\": 0, \"x\": 0, \"y\": 0, \"curve\": \"stepped\" },\n\t\t\t\t\t{ \"time\": 1, \"x\": 0, \"y\": 0, \"curve\": \"stepped\" },\n\t\t\t\t\t{ \"time\": 2, \"x\": 0, \"y\": 0 }\n\t\t\t\t],\n\t\t\t\t\"scale\": [\n\t\t\t\t\t{ \"time\": 0, \"x\": 1, \"y\": 1, \"curve\": \"stepped\" },\n\t\t\t\t\t{ \"time\": 1, \"x\": 1, \"y\": 1, \"curve\": \"stepped\" },\n\t\t\t\t\t{ \"time\": 2, \"x\": 1, \"y\": 1 }\n\t\t\t\t]\n\t\t\t},\n\t\t\t\"12091\": {\n\t\t\t\t\"rotate\": [\n\t\t\t\t\t{ \"time\": 0, \"angle\": 0, \"curve\": \"stepped\" },\n\t\t\t\t\t{ \"time\": 1, \"angle\": 0, \"curve\": \"stepped\" },\n\t\t\t\t\t{ \"time\": 2, \"angle\": 0 }\n\t\t\t\t],\n\t\t\t\t\"translate\": [\n\t\t\t\t\t{ \"time\": 0, \"x\": 0, \"y\": 0, \"curve\": \"stepped\" },\n\t\t\t\t\t{ \"time\": 1, \"x\": 0, \"y\": 0, \"curve\": \"stepped\" },\n\t\t\t\t\t{ \"time\": 2, \"x\": 0, \"y\": 0 }\n\t\t\t\t],\n\t\t\t\t\"scale\": [\n\t\t\t\t\t{ \"time\": 0, \"x\": 1, \"y\": 1, \"curve\": \"stepped\" },\n\t\t\t\t\t{ \"time\": 1, \"x\": 1, \"y\": 1, \"curve\": \"stepped\" },\n\t\t\t\t\t{ \"time\": 2, \"x\": 1, \"y\": 1 }\n\t\t\t\t]\n\t\t\t},\n\t\t\t\"12093\": {\n\t\t\t\t\"rotate\": [\n\t\t\t\t\t{ \"time\": 0, \"angle\": 0 },\n\t\t\t\t\t{ \"time\": 1, \"angle\": -1.58 },\n\t\t\t\t\t{ \"time\": 2, \"angle\": 0 }\n\t\t\t\t],\n\t\t\t\t\"translate\": [\n\t\t\t\t\t{ \"time\": 0, \"x\": 0, \"y\": 0, \"curve\": \"stepped\" },\n\t\t\t\t\t{ \"time\": 1, \"x\": 0, \"y\": 0, \"curve\": \"stepped\" },\n\t\t\t\t\t{ \"time\": 2, \"x\": 0, \"y\": 0 }\n\t\t\t\t],\n\t\t\t\t\"scale\": [\n\t\t\t\t\t{ \"time\": 0, \"x\": 1, \"y\": 1, \"curve\": \"stepped\" },\n\t\t\t\t\t{ \"time\": 1, \"x\": 1, \"y\": 1, \"curve\": \"stepped\" },\n\t\t\t\t\t{ \"time\": 2, \"x\": 1, \"y\": 1 }\n\t\t\t\t]\n\t\t\t},\n\t\t\t\"12092\": {\n\t\t\t\t\"rotate\": [\n\t\t\t\t\t{ \"time\": 0, \"angle\": 0 },\n\t\t\t\t\t{ \"time\": 0.1667, \"angle\": 1.39 },\n\t\t\t\t\t{ \"time\": 1, \"angle\": -2.88 },\n\t\t\t\t\t{ \"time\": 1.1667, \"angle\": -3.73 },\n\t\t\t\t\t{ \"time\": 2, \"angle\": 0 }\n\t\t\t\t],\n\t\t\t\t\"translate\": [\n\t\t\t\t\t{ \"time\": 0, \"x\": 0, \"y\": 0, \"curve\": \"stepped\" },\n\t\t\t\t\t{ \"time\": 1, \"x\": 0, \"y\": 0, \"curve\": \"stepped\" },\n\t\t\t\t\t{ \"time\": 2, \"x\": 0, \"y\": 0 }\n\t\t\t\t],\n\t\t\t\t\"scale\": [\n\t\t\t\t\t{ \"time\": 0, \"x\": 1, \"y\": 1, \"curve\": \"stepped\" },\n\t\t\t\t\t{ \"time\": 1, \"x\": 1, \"y\": 1, \"curve\": \"stepped\" },\n\t\t\t\t\t{ \"time\": 2, \"x\": 1, \"y\": 1 }\n\t\t\t\t]\n\t\t\t},\n\t\t\t\"12095\": {\n\t\t\t\t\"rotate\": [\n\t\t\t\t\t{ 