{"__type__":"sp.SkeletonData","_name":"20058","skeletonJsonStr":"{\n\"skeleton\": { \"hash\": \"n+n4uEQEiy9d6quEYBlELwjozyc\", \"spine\": \"3.6.52\", \"width\": 117.01, \"height\": 123.01, \"images\": \"\" },\n\"bones\": [\n\t{ \"name\": \"root\", \"scaleX\": 0.5, \"scaleY\": 0.5 },\n\t{ \"name\": \"20029\", \"parent\": \"root\", \"x\": 3.5, \"y\": 760 },\n\t{ \"name\": \"20030\", \"parent\": \"20029\", \"length\": 43.01, \"rotation\": -122.53, \"x\": -80.42, \"y\": -60.7 },\n\t{ \"name\": \"20031\", \"parent\": \"20030\", \"length\": 40.75, \"rotation\": -6.74, \"x\": 39.39, \"y\": -0.81 },\n\t{ \"name\": \"20032\", \"parent\": \"20031\", \"length\": 33.81, \"rotation\": 30.9, \"x\": 42.14, \"y\": -0.84 },\n\t{ \"name\": \"20033\", \"parent\": \"20032\", \"length\": 39.53, \"rotation\": 26.38, \"x\": 33.91, \"y\": -0.55 },\n\t{ \"name\": \"20034\", \"parent\": \"20029\", \"length\": 47.52, \"rotation\": -71.57, \"x\": 34.33, \"y\": -54.56 },\n\t{ \"name\": \"20035\", \"parent\": \"20034\", \"length\": 41.19, \"rotation\": 21.49, \"x\": 45.79, \"y\": -0.86 },\n\t{ \"name\": \"20036\", \"parent\": \"20035\", \"length\": 43.26, \"rotation\": -24.34, \"x\": 42.07, \"y\": 1.3 },\n\t{ \"name\": \"20037\", \"parent\": \"20036\", \"length\": 36.36, \"rotation\": -9.9, \"x\": 45.99, \"y\": -2.91 }\n],\n\"slots\": [\n\t{ \"name\": \"20029\", \"bone\": \"20037\", \"attachment\": \"20029\" }\n],\n\"skins\": {\n\t\"default\": {},\n\t\"normal\": {\n\t\t\"20029\": {\n\t\t\t\"20029\": {\n\t\t\t\t\"name\": \"normal/20029\",\n\t\t\t\t\"type\": \"mesh\",\n\t\t\t\t\"uvs\": [ 0.67858, 0, 0.38012, 0, 0.20601, 0.05537, 0.25576, 0.16657, 0.23089, 0.35584, 0.12102, 0.50515, 0.02402, 0.61871, 0, 0.76539, 0, 0.88368, 0.05884, 0.96649, 0.13594, 0.91681, 0.07873, 0.85766, 0.0663, 0.75829, 0.08371, 0.64237, 0.18568, 0.54063, 0.28766, 0.39395, 0.39709, 0.35846, 0.58114, 0.37739, 0.7055, 0.35846, 0.72043, 0.46493, 0.79504, 0.5572, 0.86717, 0.65183, 0.92686, 0.73463, 0.91691, 0.8411, 0.92189, 1, 1, 1, 1, 0.82927, 0.98158, 0.71334, 0.91691, 0.60688, 0.82738, 0.50988, 0.78758, 0.42471, 0.76768, 0.33481, 0.78509, 0.20705, 0.82489, 0.03434 ],\n\t\t\t\t\"triangles\": [ 25, 24, 23, 25, 23, 26, 27, 22, 28, 22, 27, 26, 23, 22, 26, 22, 21, 28, 20, 29, 28, 21, 20, 28, 19, 18, 30, 19, 30, 29, 20, 19, 29, 11, 8, 7, 11, 7, 12, 9, 8, 11, 9, 11, 10, 12, 6, 13, 7, 6, 12, 13, 6, 5, 13, 5, 14, 14, 5, 4, 18, 31, 30, 14, 4, 15, 15, 4, 16, 32, 18, 17, 3, 2, 1, 32, 0, 33, 17, 1, 0, 17, 16, 1, 17, 0, 32, 3, 1, 16, 4, 3, 16, 31, 18, 32 ],\n\t\t\t\t\"vertices\": [ 1, 1, 19.29, 32, 1, 1, 1, -50.55, 32, 1, 1, 1, -91.29, 18.37, 1, 1, 1, -79.65, -8.98, 1, 1, 1, -85.47, -55.54, 1, 2, 2, 43.15, -8.98, 0.504, 3, 4.69, -7.67, 0.496, 2, 3, 40.68, -7.57, 0.49719, 4, -4.71, -5.02, 0.50281, 2, 4, 31.81, -5.35, 0.51228, 5, -4.01, -3.37, 0.48772, 1, 5, 23.67, -12.36, 1, 1, 5, 47.3, -5.57, 1, 1, 5, 41.25, 15.37, 1, 1, 5, 23.28, 7.14, 1, 3, 2, 102.55, 13.69, 0, 4, 27.83, 9.75, 0.4926, 5, -0.87, 11.93, 0.5074, 4, 2, 76.31, 1.8, 0.00193, 3, 36.35, 6.93, 0.49181, 4, -0.98, 9.64, 0.50583, 5, -26.74, 24.62, 4.3E-4, 2, 2, 42.38, 8.47, 0.504, 3, 1.88, 9.57, 0.496, 1, 1, -72.19, -64.91, 1, 1, 1, -46.58, -56.18, 1, 1, 1, -3.51, -60.84, 1, 1, 1, 25.59, -56.18, 1, 1, 6, 24.73, -13.78, 1, 3, 6, 51.79, -4.38, 0.50263, 7, 4.28, -5.48, 0.49726, 8, -31.63, -21.76, 1.1E-4, 2, 7, 32.97, -7.49, 0.512, 8, -4.67, -11.76, 0.488, 1, 8, 18.71, -3.78, 1, 2, 8, 43.31, -13.06, 0.488, 9, -0.9, -10.46, 0.512, 1, 9, 38.12, -13.17, 1, 1, 9, 39.92, 5.02, 1, 2, 8, 45.73, 6.45, 0.488, 9, -1.87, 9.17, 0.512, 1, 8, 17.1, 9.97, 1, 2, 7, 31.97, 8.54, 0.512, 8, -12.19, 2.43, 0.488, 2, 6, 43.14, 6.47, 0.49574, 7, 0.22, 7.8, 0.50426, 2, 6, 20.31, 4.26, 0.99993, 7, -21.83, 14.11, 7.0E-5, 1, 1, 40.14, -50.36, 1, 1, 1, 44.21, -18.94, 1, 1, 1, 53.52, 23.55, 1 ],\n\t\t\t\t\"hull\": 34,\n\t\t\t\t\"edges\": [ 0, 2, 2, 4, 4, 6, 6, 8, 8, 10, 10, 12, 12, 14, 14, 16, 16, 18, 18, 20, 20, 22, 22, 24, 24, 26, 26, 28, 28, 30, 30, 32, 32, 34, 34, 36, 36, 38, 38, 40, 40, 42, 42, 44, 44, 46, 46, 48, 48, 50, 50, 52, 52, 54, 54, 56, 56, 58, 58, 60, 60, 62, 62, 64, 64, 66, 0, 66 ],\n\t\t\t\t\"width\": 234,\n\t\t\t\t\"height\": 246\n\t\t\t}\n\t\t}\n\t}\n},\n\"animations\": {\n\t\"l1\": {\n\t\t\"bones\": {\n\t\t\t\"root\": {\n\t\t\t\t\"rotate\": [\n\t\t\t\t\t{ \"time\": 0, \"angle\": 0, \"curve\": \"stepped\" },\n\t\t\t\t\t{ \"time\": 1, \"angle\": 0, \"curve\": \"stepped\" },\n\t\t\t\t\t{ \"time\": 2, \"angle\": 0 }\n\t\t\t\t],\n\t\t\t\t\"translate\": [\n\t\t\t\t\t{ \"time\": 0, \"x\": 0, \"y\": 0, \"curve\": \"stepped\" },\n\t\t\t\t\t{ \"time\": 1, \"x\": 0, \"y\": 0, \"curve\": \"stepped\" },\n\t\t\t\t\t{ \"time\": 2, \"x\": 0, \"y\": 0 }\n\t\t\t\t],\n\t\t\t\t\"scale\": [\n\t\t\t\t\t{ \"time\": 0, \"x\": 1, \"y\": 1, \"curve\": \"stepped\" },\n\t\t\t\t\t{ \"time\": 1, \"x\": 1, \"y\": 1, \"curve\": \"stepped\" },\n\t\t\t\t\t{ \"time\": 2, \"x\": 1, \"y\": 1 }\n\t\t\t\t]\n\t\t\t},\n\t\t\t\"20029\": {\n\t\t\t\t\"rotate\": [\n\t\t\t\t\t{ \"time\": 0, \"angle\": 0, \"curve\": \"stepped\" },\n\t\t\t\t\t{ \"time\": 1, \"angle\": 0, \"curve\": \"stepped\" },\n\t\t\t\t\t{ \"time\": 2, \"angle\": 0 }\n\t\t\t\t],\n\t\t\t\t\"translate\": [\n\t\t\t\t\t{ \"time\": 0, \"x\": 0, \"y\": 0, \"curve\": \"stepped\" },\n\t\t\t\t\t{ \"time\": 1, \"x\": 0, \"y\": 0, \"curve\": \"stepped\" },\n\t\t\t\t\t{ \"time\": 2, \"x\": 0, \"y\": 0 }\n\t\t\t\t],\n\t\t\t\t\"scale\": [\n\t\t\t\t\t{ \"time\": 0, \"x\": 1, \"y\": 1, \"curve\": \"stepped\" },\n\t\t\t\t\t{ \"time\": 1, \"x\": 1, \"y\": 1, \"curve\": \"stepped\" },\n\t\t\t\t\t{ \"time\": 2, \"x\": 1, \"y\": 1 }\n\t\t\t\t]\n\t\t\t},\n\t\t\t\"20030\": {\n\t\t\t\t\"rotate\": [\n\t\t\t\t\t{ \"time\": 0, \"angle\": 0 },\n\t\t\t\t\t{ \"time\": 1, \"angle\": -1.76 },\n\t\t\t\t\t{ \"time\": 2, \"angle\": 0 }\n\t\t\t\t],\n\t\t\t\t\"translate\": [\n\t\t\t\t\t{ \"time\": 0, \"x\": 0, \"y\": 0, \"curve\": \"stepped\" },\n\t\t\t\t\t{ \"time\": 1, \"x\": 0, \"y\": 0, \"curve\": \"stepped\" },\n\t\t\t\t\t{ \"time\": 2, \"x\": 0, \"y\": 0 }\n\t\t\t\t],\n\t\t\t\t\"scale\": [\n\t\t\t\t\t{ \"time\": 0, \"x\": 1, \"y\": 1 },\n\t\t\t\t\t{ \"time\": 1, \"x\": 0.98, \"y\": 1 },\n\t\t\t\t\t{ \"time\": 2, \"x\": 1, \"y\": 1 }\n\t\t\t\t]\n\t\t\t},\n\t\t\t\"20034\": {\n\t\t\t\t\"rotate\": [\n\t\t\t\t\t{ \"time\": 0, \"angle\": 0 },\n\t\t\t\t\t{ \"time\": 1, \"angle\": -2.16 },\n\t\t\t\t\t{ \"time\": 2, \"angle\": 0 }\n\t\t\t\t],\n\t\t\t\t\"translate\": [\n\t\t\t\t\t{ \"time\": 0, \"x\": 0, \"y\": 0, \"curve\": \"stepped\" },\n\t\t\t\t\t{ \"time\": 1, \"x\": 0, \"y\": 0, \"curve\": \"stepped\" },\n\t\t\t\t\t{ \"time\": 2, \"x\": 0, \"y\": 0 }\n\t\t\t\t],\n\t\t\t\t\"scale\": [\n\t\t\t\t\t{ \"time\": 0, \"x\": 1, \"y\": 1 },\n\t\t\t\t\t{ \"time\": 1, \"x\": 0.98, \"y\": 1 },\n\t\t\t\t\t{ \"time\": 2, \"x\": 1, \"y\": 1 }\n\t\t\t\t]\n\t\t\t},\n\t\t\t\"20031\": {\n\t\t\t\t\"rotate\": [\n\t\t\t\t\t{ \"time\": 0, \"angle\": 1.81 },\n\t\t\t\t\t{ \"time\": 0.1667, \"angle\": 2.73 },\n\t\t\t\t\t{ \"time\": 1, \"angle\": -1.92 },\n\t\t\t\t\t{ \"time\": 1.1667, \"angle\": -2.84 },\n\t\t\t\t\t{ \"time\": 2, \"angle\": 1.8 }\n\t\t\t\t],\n\t\t\t\t\"translate\": [\n\t\t\t\t\t{ \"time\": 0, \"x\": 0, \"y\": 0, \"curve\": \"stepped\" },\n\t\t\t\t\t{ \"time\": 1, \"x\": 0, \"y\": 0, \"curve\": \"stepped\" },\n\t\t\t\t\t{ \"time\": 2, \"x\": 0, \"y\": 0 }\n\t\t\t\t],\n\t\t\t\t\"scale\": [\n\t\t\t\t\t{ \"time\": 0, \"x\": 1, \"y\": 1 },\n\t\t\t\t\t{ \"time\": 1, \"x\": 0.98, \"y\": 1 },\n\t\t\t\t\t{ \"time\": 2, \"x\": 1, \"y\": 1 }\n\t\t\t\t]\n\t\t\t},\n\t\t\t\"20035\": {\n\t\t\t\t\"rotate\": [\n\t\t\t\t\t{ \"time\": 0, \"angle\": 0.57 },\n\t\t\t\t\t{ \"time\": 0.1667, \"angle\": 1.59 },\n\t\t\t\t\t{ \"time\": 1, \"angle\": -3.53 },\n\t\t\t\t\t{ \"time\": 1.1667, \"angle\": -4.56 },\n\t\t\t\t\t{ \"time\": 2, \"angle\": 0.57 }\n\t\t\t\t],\n\t\t\t\t\"translate\": [\n\t\t\t\t\t{ \"time\": 0, \"x\": 0, \"y\": 0, \"curve\": \"stepped\" },\n\t\t\t\t\t{ \"time\": 1, \"x\": 0, \"y\": 0, \"curve\": 