{"__type__":"sp.SkeletonData","_name":"27106","skeletonJsonStr":"{\n\"skeleton\": { \"hash\": \"tWSa1WWmM9ctkolFU8Zs/YubO10\", \"spine\": \"3.6.52\", \"width\": 20.5, \"height\": 77, \"images\": \"\" },\n\"bones\": [\n\t{ \"name\": \"root\", \"scaleX\": 0.5, \"scaleY\": 0.5 },\n\t{ \"name\": \"27106\", \"parent\": \"root\", \"x\": 147.89, \"y\": 458.58 },\n\t{ \"name\": \"27108\", \"parent\": \"27106\", \"length\": 29.81, \"rotation\": -87.47, \"x\": 0.35, \"y\": -5.52 },\n\t{ \"name\": \"27107\", \"parent\": \"27108\", \"length\": 46.44, \"rotation\": -1.45, \"x\": 28.5, \"y\": 0.06 },\n\t{ \"name\": \"27110\", \"parent\": \"27107\", \"length\": 32.88, \"rotation\": -3.37, \"x\": 46.43, \"y\": -0.44 },\n\t{ \"name\": \"27109\", \"parent\": \"27110\", \"length\": 33.29, \"rotation\": 2.29, \"x\": 32.88 }\n],\n\"slots\": [\n\t{ \"name\": \"27106\", \"bone\": \"27109\", \"attachment\": \"27106\" }\n],\n\"skins\": {\n\t\"default\": {},\n\t\"normal\": {\n\t\t\"27106\": {\n\t\t\t\"27106\": {\n\t\t\t\t\"name\": \"normal/27106\",\n\t\t\t\t\"type\": \"mesh\",\n\t\t\t\t\"uvs\": [ 0.53962, 0, 0.29928, 0, 0.29928, 0.0773, 0.37323, 0.18067, 0.39172, 0.28403, 0, 0.36032, 0, 0.48337, 0.16062, 0.53752, 0.41945, 0.57443, 0.1976, 0.62857, 0.36399, 0.67533, 0.2623, 0.85007, 0.24382, 1, 0.7245, 1, 0.69677, 0.84268, 0.63206, 0.68272, 0.80769, 0.6335, 0.60433, 0.57689, 0.83543, 0.54736, 1, 0.5006, 1, 0.35048, 0.6413, 0.28895, 0.62282, 0.18313, 0.62282, 0.0773 ],\n\t\t\t\t\"triangles\": [ 14, 11, 10, 14, 12, 11, 13, 12, 14, 7, 4, 8, 10, 9, 8, 15, 17, 16, 15, 14, 10, 8, 17, 15, 10, 8, 15, 4, 22, 21, 7, 6, 5, 18, 21, 20, 4, 7, 5, 19, 18, 20, 8, 4, 21, 17, 8, 21, 18, 17, 21, 3, 23, 22, 4, 3, 22, 2, 1, 0, 3, 2, 0, 3, 0, 23 ],\n\t\t\t\t\"vertices\": [ 1, 1, 4.23, 6.43, 1, 1, 1, -5.62, 6.43, 1, 1, 1, -5.62, -5.48, 1, 1, 2, 15.73, -3.64, 1, 3, 2, 31.67, -3.58, 0.14894, 3, 3.26, -3.56, 0.85064, 4, -42.91, -5.66, 4.3E-4, 2, 3, 14.7, -19.84, 0.90695, 4, -30.53, -21.23, 0.09305, 2, 3, 33.65, -20.2, 0.55506, 4, -11.59, -20.48, 0.44494, 2, 3, 42.11, -13.77, 0.23808, 4, -3.53, -13.56, 0.76192, 1, 4, 1.73, -2.73, 1, 1, 4, 10.43, -11.49, 1, 1, 4, 17.35, -4.38, 1, 1, 5, 11.22, -7.93, 1, 1, 5, 34.31, -8.69, 1, 1, 5, 34.31, 11.02, 1, 2, 4, 42.55, 10.28, 0.00285, 5, 10.08, 9.89, 0.99715, 2, 3, 64.83, 5.13, 0.03366, 4, 18.04, 6.64, 0.96634, 2, 3, 57.39, 12.48, 0.23406, 4, 10.18, 13.54, 0.76594, 2, 3, 48.52, 4.3, 0.90984, 4, 1.81, 4.86, 0.09016, 1, 3, 44.15, 13.86, 1, 1, 3, 37.08, 20.75, 1, 1, 3, 13.96, 21.18, 1, 1, 3, 4.21, 6.66, 1, 2, 2, 16.56, 6.57, 0.99513, 3, -12.1, 6.21, 0.00487, 1, 1, 7.64, -5.48, 1 ],\n\t\t\t\t\"hull\": 24,\n\t\t\t\t\"edges\": [ 0, 2, 2, 4, 4, 6, 6, 8, 8, 10, 10, 12, 12, 14, 14, 16, 16, 18, 18, 20, 20, 22, 22, 24, 24, 26, 26, 28, 28, 30, 30, 32, 32, 34, 34, 36, 36, 38, 38, 40, 40, 42, 42, 44, 44, 46, 0, 46 ],\n\t\t\t\t\"width\": 41,\n\t\t\t\t\"height\": 154\n\t\t\t}\n\t\t}\n\t}\n},\n\"animations\": {\n\t\"l1\": {\n\t\t\"bones\": {\n\t\t\t\"root\": {\n\t\t\t\t\"rotate\": [\n\t\t\t\t\t{ \"time\": 0, \"angle\": 0, \"curve\": \"stepped\" },\n\t\t\t\t\t{ \"time\": 1, \"angle\": 0, \"curve\": \"stepped\" },\n\t\t\t\t\t{ \"time\": 2, \"angle\": 0 }\n\t\t\t\t],\n\t\t\t\t\"translate\": [\n\t\t\t\t\t{ \"time\": 0, \"x\": 0, \"y\": 0, \"curve\": \"stepped\" },\n\t\t\t\t\t{ \"time\": 1, \"x\": 0, \"y\": 0, \"curve\": \"stepped\" },\n\t\t\t\t\t{ \"time\": 2, \"x\": 0, \"y\": 0 }\n\t\t\t\t],\n\t\t\t\t\"scale\": [\n\t\t\t\t\t{ \"time\": 0, \"x\": 1, \"y\": 1, \"curve\": \"stepped\" },\n\t\t\t\t\t{ \"time\": 1, \"x\": 1, \"y\": 1, \"curve\": \"stepped\" },\n\t\t\t\t\t{ \"time\": 2, \"x\": 1, \"y\": 1 }\n\t\t\t\t]\n\t\t\t},\n\t\t\t\"27106\": {\n\t\t\t\t\"rotate\": [\n\t\t\t\t\t{ \"time\": 0, \"angle\": 0, \"curve\": \"stepped\" },\n\t\t\t\t\t{ \"time\": 1, \"angle\": 0, \"curve\": \"stepped\" },\n\t\t\t\t\t{ \"time\": 2, \"angle\": 0 }\n\t\t\t\t],\n\t\t\t\t\"translate\": [\n\t\t\t\t\t{ \"time\": 0, \"x\": 0, \"y\": 0, \"curve\": \"stepped\" },\n\t\t\t\t\t{ \"time\": 1, \"x\": 0, \"y\": 0, \"curve\": \"stepped\" },\n\t\t\t\t\t{ \"time\": 2, \"x\": 0, \"y\": 0 }\n\t\t\t\t],\n\t\t\t\t\"scale\": [\n\t\t\t\t\t{ \"time\": 0, \"x\": 1, \"y\": 1, \"curve\": \"stepped\" },\n\t\t\t\t\t{ \"time\": 1, \"x\": 1, \"y\": 1, \"curve\": \"stepped\" },\n\t\t\t\t\t{ \"time\": 2, \"x\": 1, \"y\": 1 }\n\t\t\t\t]\n\t\t\t},\n\t\t\t\"27108\": {\n\t\t\t\t\"rotate\": [\n\t\t\t\t\t{ \"time\": 0, \"angle\": 0 },\n\t\t\t\t\t{ \"time\": 1, \"angle\": -2.5 },\n\t\t\t\t\t{ \"time\": 2, \"angle\": 0 }\n\t\t\t\t],\n\t\t\t\t\"translate\": [\n\t\t\t\t\t{ \"time\": 0, \"x\": 0, \"y\": 0, \"curve\": \"stepped\" },\n\t\t\t\t\t{ \"time\": 1, \"x\": 0, \"y\": 0, \"curve\": \"stepped\" },\n\t\t\t\t\t{ \"time\": 2, \"x\": 0, \"y\": 0 }\n\t\t\t\t],\n\t\t\t\t\"scale\": [\n\t\t\t\t\t{ \"time\": 0, \"x\": 1, \"y\": 1, \"curve\": \"stepped\" },\n\t\t\t\t\t{ \"time\": 1, \"x\": 1, \"y\": 1, \"curve\": \"stepped\" },\n\t\t\t\t\t{ \"time\": 2, \"x\": 1, \"y\": 1 }\n\t\t\t\t]\n\t\t\t},\n\t\t\t\"27107\": {\n\t\t\t\t\"rotate\": [\n\t\t\t\t\t{ \"time\": 0, \"angle\": 1.63 },\n\t\t\t\t\t{ \"time\": 0.1667, \"angle\": 2.77 },\n\t\t\t\t\t{ \"time\": 1, \"angle\": -2.94 },\n\t\t\t\t\t{ \"time\": 1.1667, \"angle\": -4.08 },\n\t\t\t\t\t{ \"time\": 2, \"angle\": 1.63 }\n\t\t\t\t],\n\t\t\t\t\"translate\": [\n\t\t\t\t\t{ \"time\": 0, \"x\": 0, \"y\": 0, \"curve\": \"stepped\" },\n\t\t\t\t\t{ \"time\": 1, \"x\": 0, \"y\": 0, \"curve\": \"stepped\" },\n\t\t\t\t\t{ \"time\": 2, \"x\": 0, \"y\": 0 }\n\t\t\t\t],\n\t\t\t\t\"scale\": [\n\t\t\t\t\t{ \"time\": 0, \"x\": 1, \"y\": 1, \"curve\": \"stepped\" },\n\t\t\t\t\t{ \"time\": 1, \"x\": 1, \"y\": 1, \"curve\": \"stepped\" },\n\t\t\t\t\t{ \"time\": 2, \"x\": 1, \"y\": 1 }\n\t\t\t\t]\n\t\t\t},\n\t\t\t\"27110\": {\n\t\t\t\t\"rotate\": [\n\t\t\t\t\t{ \"time\": 0, \"angle\": 0.1 },\n\t\t\t\t\t{ \"time\": 0.3333, \"angle\": 2.51 },\n\t\t\t\t\t{ \"time\": 1, \"angle\": -2.3 },\n\t\t\t\t\t{ \"time\": 1.3333, \"angle\": -4.71 },\n\t\t\t\t\t{ \"time\": 2, \"angle\": 0.1 }\n\t\t\t\t],\n\t\t\t\t\"translate\": [\n\t\t\t\t\t{ \"time\": 0, \"x\": 0, \"y\": 0, \"curve\": \"stepped\" },\n\t\t\t\t\t{ \"time\": 1, \"x\": 0, \"y\": 0, \"curve\": \"stepped\" },\n\t\t\t\t\t{ \"time\": 2, \"x\": 0, \"y\": 0 }\n\t\t\t\t],\n\t\t\t\t\"scale\": [\n\t\t\t\t\t{ \"time\": 0, \"x\": 1, \"y\": 1, \"curve\": \"stepped\" },\n\t\t\t\t\t{ \"time\": 1, \"x\": 1, \"y\": 1, \"curve\": \"stepped\" },\n\t\t\t\t\t{ \"time\": 2, \"x\": 1, \"y\": 1 }\n\t\t\t\t]\n\t\t\t},\n\t\t\t\"27109\": {\n\t\t\t\t\"rotate\": [\n\t\t\t\t\t{ \"time\": 0, \"angle\": -1.02 },\n\t\t\t\t\t{ \"time\": 0.5, \"angle\": 5.55 },\n\t\t\t\t\t{ \"time\": 1, \"angle\": -1.02 },\n\t\t\t\t\t{ \"time\": 1.5, \"angle\": -7.58 },\n\t\t\t\t\t{ \"time\": 2, \"angle\": -1.02 }\n\t\t\t\t],\n\t\t\t\t\"translate\": [\n\t\t\t\t\t{ \"time\": 0, \"x\": 0, \"y\": 0, \"curve\": \"stepped\" },\n\t\t\t\t\t{ \"time\": 1, \"x\": 0, \"y\": 0, \"curve\": \"stepped\" },\n\t\t\t\t\t{ \"time\": 2, \"x\": 0, \"y\": 0 }\n\t\t\t\t],\n\t\t\t\t\"scale\": [\n\t\t\t\t\t{ \"time\": 0, \"x\": 1, \"y\": 1, \"curve\": \"stepped\" },\n\t\t\t\t\t{ \"time\": 1, \"x\": 1, \"y\": 1, \"curve\": \"stepped\" },\n\t\t\t\t\t{ \"time\": 2, \"x\": 1, \"y\": 1 }\n\t\t\t\t]\n\t\t\t}\n\t\t}\n\t}\n}\n}","_skeletonJson":{"skeleton":{"hash":"tWSa1WWmM9ctkolFU8Zs/YubO10","spine":"3.6.52","width":20.5,"height":77,"images":""},"bones":[{"name":"root","scaleX":0.5,"scaleY":0.5},{"name":"27106","parent":"root","x":147.89,"y":458.58},{"name":"27108","parent":"27106","length":29.81,"rotation":-87.47,"x":0.35,"y":-5.52},{"name":"27107","parent":"27108","length":46.44,"rotation":-1.45,"x":28.5,"y":0.06},{"name":"27110","parent":"27107","length":32.88,"rotation":-3.37,"x":46.43,"y":-0.44},{"name":"27109","parent":"27110","length":33.29,"rotation":2.29,"x":32.88}],"slots":[{"name":"27106","bone":"27109","attachment":"27106"}],"skins":{"default":{},"normal":{"27106":{"27106":{"name":"normal/27106","type":"mesh",