{"__type__":"sp.SkeletonData","_name":"29129","skeletonJsonStr":"{\n\"skeleton\": { \"hash\": \"sK8QAJBEPsR6RjpWyqC/J+u2gKI\", \"spine\": \"3.6.52\", \"width\": 240, \"height\": 392, \"images\": \"\" },\n\"bones\": [\n\t{ \"name\": \"root\", \"scaleX\": 0.5, \"scaleY\": 0.5 },\n\t{ \"name\": \"29111-2\", \"parent\": \"root\", \"x\": -252.69, \"y\": 505.91 },\n\t{ \"name\": \"29111-4\", \"parent\": \"29111-2\", \"length\": 94.48, \"rotation\": 7.77, \"x\": -14.2, \"y\": 120.01 },\n\t{ \"name\": \"29111-3\", \"parent\": \"29111-4\", \"length\": 102.07, \"rotation\": -0.58, \"x\": 91.6, \"y\": -2.18 },\n\t{ \"name\": \"29111-6\", \"parent\": \"29111-3\", \"length\": 104.89, \"rotation\": -10.91, \"x\": 100.38, \"y\": 0.21 },\n\t{ \"name\": \"29111-5\", \"parent\": \"29111-6\", \"length\": 105.74, \"rotation\": 0.03, \"x\": 102.29, \"y\": 0.68 }\n],\n\"slots\": [\n\t{ \"name\": \"29111-2\", \"bone\": \"29111-5\", \"attachment\": \"29111-2\" }\n],\n\"skins\": {\n\t\"default\": {},\n\t\"normal\": {\n\t\t\"29111-2\": {\n\t\t\t\"29111-2\": {\n\t\t\t\t\"name\": \"normal/29111-2\",\n\t\t\t\t\"type\": \"mesh\",\n\t\t\t\t\"uvs\": [ 0.03094, 0, 0, 0, 0, 0.03366, 0.4559, 1, 0.49362, 1, 0.1969, 0.36312, 0.29748, 0.34926, 0.40561, 0.33848, 0.5414, 0.32309, 0.67719, 0.29384, 0.82052, 0.25689, 0.92864, 0.2338, 1, 0.22918, 1, 0.20454, 0.89093, 0.16298, 0.74508, 0.12449, 0.63192, 0.08292, 0.50368, 0.06599, 0.32766, 0.05675, 0.14661, 0.02904, 0.04351, 0.03058 ],\n\t\t\t\t\"triangles\": [ 11, 14, 13, 12, 11, 13, 10, 15, 14, 10, 14, 11, 9, 16, 15, 9, 15, 10, 8, 17, 16, 8, 16, 9, 7, 18, 17, 7, 17, 8, 6, 18, 7, 6, 5, 18, 18, 5, 19, 2, 1, 0, 2, 0, 20, 20, 19, 5, 3, 5, 4, 3, 2, 5, 2, 20, 5 ],\n\t\t\t\t\"vertices\": [ 1, 1, -69.46, 290.09, 1, 1, 1, -84.31, 290.09, 1, 1, 1, -84.31, 263.7, 1, 1, 1, 134.52, -493.91, 1, 1, 1, 152.62, -493.91, 1, 1, 1, 10.2, 5.41, 1, 2, 2, 57.99, -112.61, 0.06176, 3, -32.49, -110.76, 0.93824, 2, 1, 110.38, 24.72, 0.16998, 3, 20.06, -108.87, 0.83002, 3, 1, 175.56, 36.79, 0.03994, 3, 86.24, -105.04, 0.85115, 4, 6.03, -106.03, 0.10891, 3, 1, 240.73, 59.72, 0.00333, 3, 153.77, -90.44, 0.36289, 4, 69.58, -78.91, 0.63378, 3, 3, 225.66, -70.3, 0.01874, 4, 136.35, -45.54, 0.70759, 5, 34.04, -46.24, 0.27367, 2, 4, 186.97, -24.11, 0.02856, 5, 84.66, -24.83, 0.97144, 1, 5, 118.61, -19.02, 1, 1, 5, 117.37, 0.26, 1, 1, 5, 63.02, 29.41, 1, 4, 2, 294.68, 32.97, 0.00118, 3, 202.71, 37.21, 0.04451, 4, 93.48, 55.69, 0.08097, 5, -8.78, 55.01, 0.87334, 4, 2, 245.27, 72.6, 0.05996, 3, 152.9, 76.34, 0.50012, 4, 37.17, 84.69, 0.13044, 5, -65.08, 84.04, 0.30948, 3, 2, 186.07, 94.07, 0.31423, 3, 93.49, 97.21, 0.61639, 5, -127.37, 93.32, 0.06938, 4, 2, 103.33, 112.66, 0.9022, 3, 10.56, 114.96, 0.09587, 4, -109.9, 95.68, 2.0E-4, 5, -212.15, 95.11, 0.00173, 1, 2, 20.16, 145.93, 1, 1, 1, -63.43, 266.12, 1 ],\n\t\t\t\t\"hull\": 21,\n\t\t\t\t\"edges\": [ 0, 2, 2, 4, 4, 6, 6, 8, 8, 10, 10, 12, 12, 14, 14, 16, 16, 18, 18, 20, 20, 22, 22, 24, 24, 26, 26, 28, 28, 30, 30, 32, 32, 34, 34, 36, 36, 38, 38, 40, 0, 40, 40, 10 ],\n\t\t\t\t\"width\": 480,\n\t\t\t\t\"height\": 784\n\t\t\t}\n\t\t}\n\t}\n},\n\"animations\": {\n\t\"l1\": {\n\t\t\"bones\": {\n\t\t\t\"root\": {\n\t\t\t\t\"rotate\": [\n\t\t\t\t\t{ \"time\": 0, \"angle\": 0, \"curve\": \"stepped\" },\n\t\t\t\t\t{ \"time\": 1, \"angle\": 0, \"curve\": \"stepped\" },\n\t\t\t\t\t{ \"time\": 2, \"angle\": 0 }\n\t\t\t\t],\n\t\t\t\t\"translate\": [\n\t\t\t\t\t{ \"time\": 0, \"x\": 0, \"y\": 0, \"curve\": \"stepped\" },\n\t\t\t\t\t{ \"time\": 1, \"x\": 0, \"y\": 0, \"curve\": \"stepped\" },\n\t\t\t\t\t{ \"time\": 2, \"x\": 0, \"y\": 0 }\n\t\t\t\t],\n\t\t\t\t\"scale\": [\n\t\t\t\t\t{ \"time\": 0, \"x\": 1, \"y\": 1, \"curve\": \"stepped\" },\n\t\t\t\t\t{ \"time\": 1, \"x\": 1, \"y\": 1, \"curve\": \"stepped\" },\n\t\t\t\t\t{ \"time\": 2, \"x\": 1, \"y\": 1 }\n\t\t\t\t]\n\t\t\t},\n\t\t\t\"29111-2\": {\n\t\t\t\t\"rotate\": [\n\t\t\t\t\t{ \"time\": 0, \"angle\": 0, \"curve\": \"stepped\" },\n\t\t\t\t\t{ \"time\": 1, \"angle\": 0, \"curve\": \"stepped\" },\n\t\t\t\t\t{ \"time\": 2, \"angle\": 0 }\n\t\t\t\t],\n\t\t\t\t\"translate\": [\n\t\t\t\t\t{ \"time\": 0, \"x\": 0, \"y\": 0, \"curve\": \"stepped\" },\n\t\t\t\t\t{ \"time\": 1, \"x\": 0, \"y\": 0, \"curve\": \"stepped\" },\n\t\t\t\t\t{ \"time\": 2, \"x\": 0, \"y\": 0 }\n\t\t\t\t],\n\t\t\t\t\"scale\": [\n\t\t\t\t\t{ \"time\": 0, \"x\": 1, \"y\": 1, \"curve\": \"stepped\" },\n\t\t\t\t\t{ \"time\": 1, \"x\": 1, \"y\": 1, \"curve\": \"stepped\" },\n\t\t\t\t\t{ \"time\": 2, \"x\": 1, \"y\": 1 }\n\t\t\t\t]\n\t\t\t},\n\t\t\t\"29111-4\": {\n\t\t\t\t\"rotate\": [\n\t\t\t\t\t{ \"time\": 0, \"angle\": 0 },\n\t\t\t\t\t{ \"time\": 1, \"angle\": 2.47 },\n\t\t\t\t\t{ \"time\": 2, \"angle\": 0 }\n\t\t\t\t],\n\t\t\t\t\"translate\": [\n\t\t\t\t\t{ \"time\": 0, \"x\": 0, \"y\": 0, \"curve\": \"stepped\" },\n\t\t\t\t\t{ \"time\": 1, \"x\": 0, \"y\": 0, \"curve\": \"stepped\" },\n\t\t\t\t\t{ \"time\": 2, \"x\": 0, \"y\": 0 }\n\t\t\t\t],\n\t\t\t\t\"scale\": [\n\t\t\t\t\t{ \"time\": 0, \"x\": 1, \"y\": 1 },\n\t\t\t\t\t{ \"time\": 1, \"x\": 0.978, \"y\": 1 },\n\t\t\t\t\t{ \"time\": 2, \"x\": 1, \"y\": 1 }\n\t\t\t\t]\n\t\t\t},\n\t\t\t\"29111-3\": {\n\t\t\t\t\"rotate\": [\n\t\t\t\t\t{ \"time\": 0, \"angle\": -1.5 },\n\t\t\t\t\t{ \"time\": 0.1667, \"angle\": -2.64 },\n\t\t\t\t\t{ \"time\": 1, \"angle\": 3.04 },\n\t\t\t\t\t{ \"time\": 1.1667, \"angle\": 4.18 },\n\t\t\t\t\t{ \"time\": 2, \"angle\": -1.5 }\n\t\t\t\t],\n\t\t\t\t\"translate\": [\n\t\t\t\t\t{ \"time\": 0, \"x\": 0, \"y\": 0, \"curve\": \"stepped\" },\n\t\t\t\t\t{ \"time\": 1, \"x\": 0, \"y\": 0, \"curve\": \"stepped\" },\n\t\t\t\t\t{ \"time\": 2, \"x\": 0, \"y\": 0 }\n\t\t\t\t],\n\t\t\t\t\"scale\": [\n\t\t\t\t\t{ \"time\": 0, \"x\": 1, \"y\": 1 },\n\t\t\t\t\t{ \"time\": 1, \"x\": 0.978, \"y\": 1 },\n\t\t\t\t\t{ \"time\": 2, \"x\": 1, \"y\": 1 }\n\t\t\t\t]\n\t\t\t},\n\t\t\t\"29111-6\": {\n\t\t\t\t\"rotate\": [\n\t\t\t\t\t{ \"time\": 0, \"angle\": -0.2 },\n\t\t\t\t\t{ \"time\": 0.3333, \"angle\": -4.32 },\n\t\t\t\t\t{ \"time\": 1, \"angle\": 3.91 },\n\t\t\t\t\t{ \"time\": 1.3333, \"angle\": 8.02 },\n\t\t\t\t\t{ \"time\": 2, \"angle\": -0.2 }\n\t\t\t\t],\n\t\t\t\t\"translate\": [\n\t\t\t\t\t{ \"time\": 0, \"x\": 0, \"y\": 0, \"curve\": \"stepped\" },\n\t\t\t\t\t{ \"time\": 1, \"x\": 0, \"y\": 0, \"curve\": \"stepped\" },\n\t\t\t\t\t{ \"time\": 2, \"x\": 0, \"y\": 0 }\n\t\t\t\t],\n\t\t\t\t\"scale\": [\n\t\t\t\t\t{ \"time\": 0, \"x\": 1, \"y\": 1 },\n\t\t\t\t\t{ \"time\": 1, \"x\": 0.978, \"y\": 1 },\n\t\t\t\t\t{ \"time\": 2, \"x\": 1, \"y\": 1 }\n\t\t\t\t]\n\t\t\t},\n\t\t\t\"29111-5\": {\n\t\t\t\t\"rotate\": [\n\t\t\t\t\t{ \"time\": 0, \"angle\": 2.1 },\n\t\t\t\t\t{ \"time\": 0.5, \"angle\": -7.09 },\n\t\t\t\t\t{ \"time\": 1, \"angle\": 2.1 },\n\t\t\t\t\t{ \"time\": 1.5, \"angle\": 11.29 },\n\t\t\t\t\t{ \"time\": 2, \"angle\": 2.1 }\n\t\t\t\t],\n\t\t\t\t\"translate\": [\n\t\t\t\t\t{ \"time\": 0, \"x\": 0, \"y\": 0, \"curve\": \"stepped\" },\n\t\t\t\t\t{ \"time\": 1, \"x\": 0, \"y\": 0, \"curve\": \"stepped\" },\n\t\t\t\t\t{ \"time\": 2, \"x\": 0, \"y\": 0 }\n\t\t\t\t],\n\t\t\t\t\"scale\": [\n\t\t\t\t\t{ \"time\": 0, \"x\": 1, \"y\": 1 },\n\t\t\t\t\t{ \"time\": 1, \"x\": 0.978, \"y\": 1 },\n\t\t\t\t\t{ \"time\": 2, \"x\": 1, \"y\": 1 }\n\t\t\t\t]\n\t\t\t}\n\t\t}\n\t}\n}\n}","_skeletonJson":{"skeleton":{"hash":"sK8QAJBEPsR6RjpWyqC/J+u2gKI","spine":"3.6.52","width":240,"height":392,"images":""},"bones":[{"name":"root","scaleX":0.5,"scaleY":0.5},{"name":"29111-2","parent":"root","x":-252.69,"y":505.91},{"name":"29111-4","parent":"29111-2","length":94.48,"rotation":7.77,"x":-14.2,"y":120.01},{"name":"29111-3","parent":"29111-4","length":102.07,"rotation":-0.58,"x":91.6,"y":-2.18},{"name":"29111-6","parent":"29111-3","length":104.89,"rotation":-10.91,"x":100.38,"y":0.21},{"name":"29111-5","parent":"29111-6","length":105.74,"rotation":0.03,"x":102.29,"y":0.68}],"slots":[{"name":"29111-2","bone":"29111-5","attachment":"29111-2"}],"skins":{"default":{},