{"__type__":"sp.SkeletonData","_name":"20132","skeletonJsonStr":"{\n\"skeleton\": { \"hash\": \"ugHXeO7v0XnhmOsj9duM1An5zhg\", \"spine\": \"3.6.52\", \"width\": 88, \"height\": 86, \"images\": \"\" },\n\"bones\": [\n\t{ \"name\": \"root\", \"scaleX\": 0.5, \"scaleY\": 0.5 },\n\t{ \"name\": \"20107-1-1\", \"parent\": \"root\", \"x\": 4.13, \"y\": 766.63 },\n\t{ \"name\": \"20107-1-2\", \"parent\": \"20107-1-1\", \"length\": 40.64, \"rotation\": -87.56, \"x\": -94.91, \"y\": -45.89 },\n\t{ \"name\": \"20107-1-3\", \"parent\": \"20107-1-2\", \"length\": 38.06, \"rotation\": -5.04, \"x\": 40.64 },\n\t{ \"name\": \"20107-1-4\", \"parent\": \"20107-1-1\", \"length\": 34.23, \"rotation\": -85.66, \"x\": 48.51, \"y\": -43.3 },\n\t{ \"name\": \"20107-1-5\", \"parent\": \"20107-1-4\", \"length\": 38.02, \"rotation\": -4.99, \"x\": 34.23 }\n],\n\"slots\": [\n\t{ \"name\": \"20107-1-3\", \"bone\": \"20107-1-1\", \"attachment\": \"20107-1-3\" },\n\t{ \"name\": \"20107-1-2\", \"bone\": \"20107-1-1\", \"attachment\": \"20107-1-2\" },\n\t{ \"name\": \"20107-1-1\", \"bone\": \"20107-1-1\", \"attachment\": \"20107-1-1\" }\n],\n\"skins\": {\n\t\"default\": {},\n\t\"normal\": {\n\t\t\"20107-1-1\": {\n\t\t\t\"20107-1-1\": { \"name\": \"normal/20107-1-1\", \"x\": -26.13, \"y\": 2.37, \"width\": 176, \"height\": 92 }\n\t\t},\n\t\t\"20107-1-2\": {\n\t\t\t\"20107-1-2\": {\n\t\t\t\t\"name\": \"normal/20107-1-2\",\n\t\t\t\t\"type\": \"mesh\",\n\t\t\t\t\"uvs\": [ 1, 0.29413, 1, 0.50821, 1, 0.74711, 1, 1, 0, 1, 0, 0.75331, 0, 0.50516, 0, 0.29103, 0, 0, 1, 0 ],\n\t\t\t\t\"triangles\": [ 5, 6, 2, 6, 1, 2, 3, 5, 2, 3, 4, 5, 6, 7, 0, 7, 9, 0, 6, 0, 1, 7, 8, 9 ],\n\t\t\t\t\"vertices\": [ 1, 4, 18.08, 10.02, 1, 2, 4, 34.73, 8.75, 0.52, 5, -0.26, 8.76, 0.48, 1, 5, 18.37, 8.98, 1, 1, 5, 38.1, 9.2, 1, 1, 5, 38.31, -9.8, 1, 1, 5, 19.07, -10.02, 1, 2, 4, 33.06, -10.17, 0.52, 5, -0.28, -10.24, 0.48, 1, 4, 16.4, -8.91, 1, 1, 1, 40.87, -37.63, 1, 1, 1, 59.87, -37.63, 1 ],\n\t\t\t\t\"hull\": 10,\n\t\t\t\t\"edges\": [ 6, 8, 16, 18, 12, 14, 14, 16, 2, 0, 0, 18, 8, 10, 10, 12, 2, 4, 4, 6 ],\n\t\t\t\t\"width\": 19,\n\t\t\t\t\"height\": 78\n\t\t\t}\n\t\t},\n\t\t\"20107-1-3\": {\n\t\t\t\"20107-1-3\": {\n\t\t\t\t\"name\": \"normal/20107-1-3\",\n\t\t\t\t\"type\": \"mesh\",\n\t\t\t\t\"uvs\": [ 1, 0.27566, 1, 0.55339, 1, 0.78756, 1, 1, 0, 1, 0, 0.78211, 0, 0.55339, 0, 0.27021, 0, 0, 1, 0 ],\n\t\t\t\t\"triangles\": [ 4, 2, 3, 4, 5, 2, 5, 6, 1, 5, 1, 2, 6, 7, 0, 7, 9, 0, 6, 0, 1, 7, 8, 9 ],\n\t\t\t\t\"vertices\": [ 1, 2, 18.14, 12.02, 1, 2, 2, 41.17, 11.04, 0.528, 3, -0.44, 11.05, 0.472, 1, 3, 18.97, 11.93, 1, 1, 3, 36.59, 12.73, 1, 1, 3, 37.5, -7.25, 1, 1, 3, 19.43, -8.07, 1, 2, 2, 40.32, -8.94, 0.528, 3, 0.47, -8.93, 0.472, 1, 2, 16.84, -7.94, 1, 1, 1, -102.13, -40.63, 1, 1, 1, -82.13, -40.63, 1 ],\n\t\t\t\t\"hull\": 10,\n\t\t\t\t\"edges\": [ 6, 8, 16, 18, 12, 14, 14, 16, 2, 0, 0, 18, 8, 10, 10, 12, 2, 4, 4, 6 ],\n\t\t\t\t\"width\": 20,\n\t\t\t\t\"height\": 83\n\t\t\t}\n\t\t}\n\t}\n},\n\"animations\": {\n\t\"l1\": {\n\t\t\"bones\": {\n\t\t\t\"root\": {\n\t\t\t\t\"rotate\": [\n\t\t\t\t\t{ \"time\": 0, \"angle\": 0, \"curve\": \"stepped\" },\n\t\t\t\t\t{ \"time\": 1, \"angle\": 0, \"curve\": \"stepped\" },\n\t\t\t\t\t{ \"time\": 2, \"angle\": 0 }\n\t\t\t\t],\n\t\t\t\t\"translate\": [\n\t\t\t\t\t{ \"time\": 0, \"x\": 0, \"y\": 0, \"curve\": \"stepped\" },\n\t\t\t\t\t{ \"time\": 1, \"x\": 0, \"y\": 0, \"curve\": \"stepped\" },\n\t\t\t\t\t{ \"time\": 2, \"x\": 0, \"y\": 0 }\n\t\t\t\t],\n\t\t\t\t\"scale\": [\n\t\t\t\t\t{ \"time\": 0, \"x\": 1, \"y\": 1, \"curve\": \"stepped\" },\n\t\t\t\t\t{ \"time\": 1, \"x\": 1, \"y\": 1, \"curve\": \"stepped\" },\n\t\t\t\t\t{ \"time\": 2, \"x\": 1, \"y\": 1 }\n\t\t\t\t]\n\t\t\t},\n\t\t\t\"20107-1-1\": {\n\t\t\t\t\"rotate\": [\n\t\t\t\t\t{ \"time\": 0, \"angle\": 0, \"curve\": \"stepped\" },\n\t\t\t\t\t{ \"time\": 2, \"angle\": 0 }\n\t\t\t\t],\n\t\t\t\t\"translate\": [\n\t\t\t\t\t{ \"time\": 0, \"x\": 0, \"y\": 0, \"curve\": \"stepped\" },\n\t\t\t\t\t{ \"time\": 2, \"x\": 0, \"y\": 0 }\n\t\t\t\t],\n\t\t\t\t\"scale\": [\n\t\t\t\t\t{ \"time\": 0, \"x\": 1, \"y\": 1, \"curve\": \"stepped\" },\n\t\t\t\t\t{ \"time\": 2, \"x\": 1, \"y\": 1 }\n\t\t\t\t]\n\t\t\t},\n\t\t\t\"20107-1-2\": {\n\t\t\t\t\"rotate\": [\n\t\t\t\t\t{ \"time\": 0, \"angle\": 0 },\n\t\t\t\t\t{ \"time\": 1, \"angle\": -2.24 },\n\t\t\t\t\t{ \"time\": 2, \"angle\": 0 }\n\t\t\t\t],\n\t\t\t\t\"translate\": [\n\t\t\t\t\t{ \"time\": 0, \"x\": 0, \"y\": 0, \"curve\": \"stepped\" },\n\t\t\t\t\t{ \"time\": 2, \"x\": 0, \"y\": 0 }\n\t\t\t\t],\n\t\t\t\t\"scale\": [\n\t\t\t\t\t{ \"time\": 0, \"x\": 1, \"y\": 1, \"curve\": \"stepped\" },\n\t\t\t\t\t{ \"time\": 2, \"x\": 1, \"y\": 1 }\n\t\t\t\t]\n\t\t\t},\n\t\t\t\"20107-1-3\": {\n\t\t\t\t\"rotate\": [\n\t\t\t\t\t{ \"time\": 0, \"angle\": 0 },\n\t\t\t\t\t{ \"time\": 0.1667, \"angle\": 1.61 },\n\t\t\t\t\t{ \"time\": 1.1667, \"angle\": -4.12 },\n\t\t\t\t\t{ \"time\": 2, \"angle\": 0 }\n\t\t\t\t],\n\t\t\t\t\"translate\": [\n\t\t\t\t\t{ \"time\": 0, \"x\": 0, \"y\": 0, \"curve\": \"stepped\" },\n\t\t\t\t\t{ \"time\": 2, \"x\": 0, \"y\": 0 }\n\t\t\t\t],\n\t\t\t\t\"scale\": [\n\t\t\t\t\t{ \"time\": 0, \"x\": 1, \"y\": 1, \"curve\": \"stepped\" },\n\t\t\t\t\t{ \"time\": 2, \"x\": 1, \"y\": 1 }\n\t\t\t\t]\n\t\t\t},\n\t\t\t\"20107-1-4\": {\n\t\t\t\t\"rotate\": [\n\t\t\t\t\t{ \"time\": 0, \"angle\": 0 },\n\t\t\t\t\t{ \"time\": 1, \"angle\": -2.24 },\n\t\t\t\t\t{ \"time\": 2, \"angle\": 0 }\n\t\t\t\t],\n\t\t\t\t\"translate\": [\n\t\t\t\t\t{ \"time\": 0, \"x\": 0, \"y\": 0, \"curve\": \"stepped\" },\n\t\t\t\t\t{ \"time\": 2, \"x\": 0, \"y\": 0 }\n\t\t\t\t],\n\t\t\t\t\"scale\": [\n\t\t\t\t\t{ \"time\": 0, \"x\": 1, \"y\": 1, \"curve\": \"stepped\" },\n\t\t\t\t\t{ \"time\": 2, \"x\": 1, \"y\": 1 }\n\t\t\t\t]\n\t\t\t},\n\t\t\t\"20107-1-5\": {\n\t\t\t\t\"rotate\": [\n\t\t\t\t\t{ \"time\": 0, \"angle\": 0 },\n\t\t\t\t\t{ \"time\": 0.1667, \"angle\": 1.61 },\n\t\t\t\t\t{ \"time\": 1.1667, \"angle\": -4.12 },\n\t\t\t\t\t{ \"time\": 2, \"angle\": 0 }\n\t\t\t\t],\n\t\t\t\t\"translate\": [\n\t\t\t\t\t{ \"time\": 0, \"x\": 0, \"y\": 0, \"curve\": \"stepped\" },\n\t\t\t\t\t{ \"time\": 2, \"x\": 0, \"y\": 0 }\n\t\t\t\t],\n\t\t\t\t\"scale\": [\n\t\t\t\t\t{ \"time\": 0, \"x\": 1, \"y\": 1, \"curve\": \"stepped\" },\n\t\t\t\t\t{ \"time\": 2, \"x\": 1, \"y\": 1 }\n\t\t\t\t]\n\t\t\t}\n\t\t}\n\t}\n}\n}","_skeletonJson":{"skeleton":{"hash":"ugHXeO7v0XnhmOsj9duM1An5zhg","spine":"3.6.52","width":88,"height":86,"images":""},"bones":[{"name":"root","scaleX":0.5,"scaleY":0.5},{"name":"20107-1-1","parent":"root","x":4.13,"y":766.63},{"name":"20107-1-2","parent":"20107-1-1","length":40.64,"rotation":-87.56,"x":-94.91,"y":-45.89},{"name":"20107-1-3","parent":"20107-1-2","length":38.06,"rotation":-5.04,"x":40.64},{"name":"20107-1-4","parent":"20107-1-1","length":34.23,"rotation":-85.66,"x":48.51,"y":-43.3},{"name":"20107-1-5","parent":"20107-1-4","length":38.02,"rotation":-4.99,"x":34.23}],"slots":[{"name":"20107-1-3","bone":"20107-1-1","attachment":"20107-1-3"},{"name":"20107-1-2","bone":"20107-1-1","attachment":"20107-1-2"},{"name":"20107-1-1","bone":"20107-1-1","attachment":"20107-1-1"}],"skins":{"default":{},"normal":{"20107-1-1":{"20107-1-1":{"name":"normal/20107-1-1","x":-26.13,"y":2.37,"width":176,"height":92}},"20107-1-2":{"20107-1-2":{"name":"normal/20107-1-2","type":"mesh","uvs":[1,0.29413,1,0.50821,1,0.74711,1,1,0,1,0,0.75331,0,0.50516,0,0.29103,0,0,1,0],"triangles":[5,6,2,6,1,2,3,5,2,3,4,5,6,7,0,7,9,0,6,0,1,7,8,9],"vertices":[1,4,18.08,10.02,1,2,4,34.73,8.75,0.52,5,-0.26,8.76,0.48,1,5,18.37,8.98,1,1,5,38.1,9.2,1,1,5,38.31,-9.8,1,1,5,19.07,-10.02,1,2,4,33.06,-10.17,0.52,5,-0.28,-10.24,0.48,1,4,16.4,-8.91,1,1,1,40.87,-37.63,1,1,1,59.87,-37.63,1],"hull":10,"edges":[6,8,16,18,12,14,14,16,2,0,0,18,8,10,10,12,2,4,4,6],"width":19,"height":78}},"20107-1-3":{"20107-1-3":{"name":"normal/20107-1-3","type":"mesh","uvs":[1,0.27566,1,0.55339,1,0.78756,1,1,0,1,0,0.78211,0,0.55339,0,0.27021,0,0,1,0],