{"__type__":"sp.SkeletonData","_name":"27037","skeletonJsonStr":"{\n\"skeleton\": { \"hash\": \"VdFPLZa2WWIQHdTmMNI3ibSS8WU\", \"spine\": \"3.6.52\", \"width\": 89, \"height\": 181, \"images\": \"\" },\n\"bones\": [\n\t{ \"name\": \"root\", \"scaleX\": 0.5, \"scaleY\": 0.5 },\n\t{ \"name\": \"27034-1-2\", \"parent\": \"root\", \"x\": 163.58, \"y\": 495.66 },\n\t{ \"name\": \"27034-1-1\", \"parent\": \"27034-1-2\", \"length\": 41.99, \"rotation\": -49.4, \"x\": 12.78, \"y\": 94.38 },\n\t{ \"name\": \"27034-1-4\", \"parent\": \"27034-1-1\", \"length\": 53.59, \"rotation\": 14.09, \"x\": 41.11, \"y\": 3.16 }\n],\n\"slots\": [\n\t{ \"name\": \"27034-1-2\", \"bone\": \"27034-1-2\", \"attachment\": \"27034-1-2\" },\n\t{ \"name\": \"27034-1-1\", \"bone\": \"27034-1-4\", \"attachment\": \"27034-1-1\" }\n],\n\"skins\": {\n\t\"default\": {},\n\t\"normal\": {\n\t\t\"27034-1-1\": {\n\t\t\t\"27034-1-1\": {\n\t\t\t\t\"name\": \"normal/27034-1-1\",\n\t\t\t\t\"type\": \"mesh\",\n\t\t\t\t\"uvs\": [ 0.17574, 0, 0, 0, 0, 0.30192, 0.15328, 0.47679, 0.27116, 0.60633, 0.38343, 0.78768, 0.6248, 0.7553, 0.81566, 1, 1, 1, 1, 0.88484, 0.86056, 0.63224, 0.67532, 0.61281, 0.60235, 0.38612, 0.41711, 0.39259, 0.19819, 0.23715 ],\n\t\t\t\t\"triangles\": [ 7, 9, 8, 7, 6, 10, 7, 10, 9, 10, 6, 11, 6, 5, 11, 13, 11, 4, 11, 13, 12, 11, 5, 4, 4, 3, 13, 3, 14, 13, 3, 2, 14, 14, 1, 0, 14, 2, 1 ],\n\t\t\t\t\"vertices\": [ 1, 2, 3.28, 11.44, 1, 1, 2, -5.3, 1.44, 1, 1, 2, 9.6, -11.34, 1, 1, 2, 25.71, -10.01, 1, 1, 2, 37.86, -8.77, 1, 2, 2, 52.29, -10.05, 0.74004, 3, 7.63, -15.54, 0.25996, 2, 2, 62.47, 5.06, 0.0039, 3, 21.19, -3.36, 0.9961, 1, 3, 42.06, -8.06, 1, 1, 3, 53.34, -0.07, 1, 1, 3, 49.02, 6.04, 1, 1, 3, 30.99, 13.39, 1, 1, 3, 18.92, 6.39, 1, 1, 3, 5.94, 15.25, 1, 2, 2, 34.43, 8.58, 0.40526, 3, -5.15, 6.88, 0.59474, 1, 2, 16.08, 2.69, 1 ],\n\t\t\t\t\"hull\": 15,\n\t\t\t\t\"edges\": [ 0, 2, 2, 4, 4, 6, 6, 8, 8, 10, 10, 12, 12, 14, 14, 16, 16, 18, 18, 20, 20, 22, 22, 24, 24, 26, 26, 28, 0, 28 ],\n\t\t\t\t\"width\": 75,\n\t\t\t\t\"height\": 65\n\t\t\t}\n\t\t},\n\t\t\"27034-1-2\": {\n\t\t\t\"27034-1-2\": { \"name\": \"normal/27034-1-2\", \"x\": 6.42, \"y\": -10.66, \"width\": 178, \"height\": 362 }\n\t\t}\n\t}\n},\n\"animations\": {\n\t\"l1\": {\n\t\t\"bones\": {\n\t\t\t\"root\": {\n\t\t\t\t\"rotate\": [\n\t\t\t\t\t{ \"time\": 0, \"angle\": 0, \"curve\": \"stepped\" },\n\t\t\t\t\t{ \"time\": 1, \"angle\": 0, \"curve\": \"stepped\" },\n\t\t\t\t\t{ \"time\": 2, \"angle\": 0 }\n\t\t\t\t],\n\t\t\t\t\"translate\": [\n\t\t\t\t\t{ \"time\": 0, \"x\": 0, \"y\": 0, \"curve\": \"stepped\" },\n\t\t\t\t\t{ \"time\": 1, \"x\": 0, \"y\": 0, \"curve\": \"stepped\" },\n\t\t\t\t\t{ \"time\": 2, \"x\": 0, \"y\": 0 }\n\t\t\t\t],\n\t\t\t\t\"scale\": [\n\t\t\t\t\t{ \"time\": 0, \"x\": 1, \"y\": 1, \"curve\": \"stepped\" },\n\t\t\t\t\t{ \"time\": 1, \"x\": 1, \"y\": 1, \"curve\": \"stepped\" },\n\t\t\t\t\t{ \"time\": 2, \"x\": 1, \"y\": 1 }\n\t\t\t\t]\n\t\t\t},\n\t\t\t\"27034-1-2\": {\n\t\t\t\t\"rotate\": [\n\t\t\t\t\t{ \"time\": 0, \"angle\": 0, \"curve\": \"stepped\" },\n\t\t\t\t\t{ \"time\": 1, \"angle\": 0, \"curve\": \"stepped\" },\n\t\t\t\t\t{ \"time\": 2, \"angle\": 0 }\n\t\t\t\t],\n\t\t\t\t\"translate\": [\n\t\t\t\t\t{ \"time\": 0, \"x\": 0, \"y\": 0, \"curve\": \"stepped\" },\n\t\t\t\t\t{ \"time\": 1, \"x\": 0, \"y\": 0, \"curve\": \"stepped\" },\n\t\t\t\t\t{ \"time\": 2, \"x\": 0, \"y\": 0 }\n\t\t\t\t],\n\t\t\t\t\"scale\": [\n\t\t\t\t\t{ \"time\": 0, \"x\": 1, \"y\": 1, \"curve\": \"stepped\" },\n\t\t\t\t\t{ \"time\": 1, \"x\": 1, \"y\": 1, \"curve\": \"stepped\" },\n\t\t\t\t\t{ \"time\": 2, \"x\": 1, \"y\": 1 }\n\t\t\t\t]\n\t\t\t},\n\t\t\t\"27034-1-1\": {\n\t\t\t\t\"rotate\": [\n\t\t\t\t\t{ \"time\": 0, \"angle\": 0 },\n\t\t\t\t\t{ \"time\": 1, \"angle\": -13.65 },\n\t\t\t\t\t{ \"time\": 2, \"angle\": 0 }\n\t\t\t\t],\n\t\t\t\t\"translate\": [\n\t\t\t\t\t{ \"time\": 0, \"x\": 0, \"y\": 0, \"curve\": \"stepped\" },\n\t\t\t\t\t{ \"time\": 1, \"x\": 0, \"y\": 0, \"curve\": \"stepped\" },\n\t\t\t\t\t{ \"time\": 2, \"x\": 0, \"y\": 0 }\n\t\t\t\t],\n\t\t\t\t\"scale\": [\n\t\t\t\t\t{ \"time\": 0, \"x\": 1, \"y\": 1, \"curve\": \"stepped\" },\n\t\t\t\t\t{ \"time\": 1, \"x\": 1, \"y\": 1, \"curve\": \"stepped\" },\n\t\t\t\t\t{ \"time\": 2, \"x\": 1, \"y\": 1 }\n\t\t\t\t]\n\t\t\t},\n\t\t\t\"27034-1-4\": {\n\t\t\t\t\"rotate\": [\n\t\t\t\t\t{ \"time\": 0, \"angle\": 7.8 },\n\t\t\t\t\t{ \"time\": 0.1667, \"angle\": 13.46 },\n\t\t\t\t\t{ \"time\": 1, \"angle\": -14.83 },\n\t\t\t\t\t{ \"time\": 1.1667, \"angle\": -20.49 },\n\t\t\t\t\t{ \"time\": 2, \"angle\": 7.8 }\n\t\t\t\t],\n\t\t\t\t\"translate\": [\n\t\t\t\t\t{ \"time\": 0, \"x\": 0, \"y\": 0, \"curve\": \"stepped\" },\n\t\t\t\t\t{ \"time\": 1, \"x\": 0, \"y\": 0, \"curve\": \"stepped\" },\n\t\t\t\t\t{ \"time\": 2, \"x\": 0, \"y\": 0 }\n\t\t\t\t],\n\t\t\t\t\"scale\": [\n\t\t\t\t\t{ \"time\": 0, \"x\": 1, \"y\": 1, \"curve\": \"stepped\" },\n\t\t\t\t\t{ \"time\": 1, \"x\": 1, \"y\": 1, \"curve\": \"stepped\" },\n\t\t\t\t\t{ \"time\": 2, \"x\": 1, \"y\": 1 }\n\t\t\t\t]\n\t\t\t}\n\t\t}\n\t}\n}\n}","_skeletonJson":{"skeleton":{"hash":"VdFPLZa2WWIQHdTmMNI3ibSS8WU","spine":"3.6.52","width":89,"height":181,"images":""},"bones":[{"name":"root","scaleX":0.5,"scaleY":0.5},{"name":"27034-1-2","parent":"root","x":163.58,"y":495.66},{"name":"27034-1-1","parent":"27034-1-2","length":41.99,"rotation":-49.4,"x":12.78,"y":94.38},{"name":"27034-1-4","parent":"27034-1-1","length":53.59,"rotation":14.09,"x":41.11,"y":3.16}],"slots":[{"name":"27034-1-2","bone":"27034-1-2","attachment":"27034-1-2"},{"name":"27034-1-1","bone":"27034-1-4","attachment":"27034-1-1"}],"skins":{"default":{},"normal":{"27034-1-1":{"27034-1-1":{"name":"normal/27034-1-1","type":"mesh","uvs":[0.17574,0,0,0,0,0.30192,0.15328,0.47679,0.27116,0.60633,0.38343,0.78768,0.6248,0.7553,0.81566,1,1,1,1,0.88484,0.86056,0.63224,0.67532,0.61281,0.60235,0.38612,0.41711,0.39259,0.19819,0.23715],"triangles":[7,9,8,7,6,10,7,10,9,10,6,11,6,5,11,13,11,4,11,13,12,11,5,4,4,3,13,3,14,13,3,2,14,14,1,0,14,2,1],"vertices":[1,2,3.28,11.44,1,1,2,-5.3,1.44,1,1,2,9.6,-11.34,1,1,2,25.71,-10.01,1,1,2,37.86,-8.77,1,2,2,52.29,-10.05,0.74004,3,7.63,-15.54,0.25996,2,2,62.47,5.06,0.0039,3,21.19,-3.36,0.9961,1,3,42.06,-8.06,1,1,3,53.34,-0.07,1,1,3,49.02,6.04,1,1,3,30.99,13.39,1,1,3,18.92,6.39,1,1,3,5.94,15.25,1,2,2,34.43,8.58,0.40526,3,-5.15,6.88,0.59474,1,2,16.08,2.69,1],"hull":15,"edges":[0,2,2,4,4,6,6,8,8,10,10,12,12,14,14,16,16,18,18,20,20,22,22,24,24,26,26,28,0,28],"width":75,"height":65}},"27034-1-2":{"27034-1-2":{"name":"normal/27034-1-2","x":6.42,"y":-10.66,"width":178,"height":362}}}},"animations":{"l1":{"bones":{"root":{"rotate":[{"time":0,"angle":0,"curve":"stepped"},{"time":1,"angle":0,"curve":"stepped"},{"time":2,"angle":0}],"translate":[{"time":0,"x":0,"y":0,"curve":"stepped"},{"time":1,"x":0,"y":0,"curve":"stepped"},{"time":2,"x":0,"y":0}],"scale":[{"time":0,"x":1,"y":1,"curve":"stepped"},{"time":1,"x":1,"y":1,"curve":"stepped"},{"time":2,"x":1,"y":1}]},"27034-1-2":{"rotate":[{"time":0,"angle":0,"curve":"stepped"},{"time":1,"angle":0,"curve":"stepped"},{"time":2,"angle":0}],"translate":[{"time":0,"x":0,"y":0,"curve":"stepped"},{"time":1,"x":0,"y":0,"curve":"stepped"},{"time":2,"x":0,"y":0}],"scale":[{"time":0,"x":1,"y":1,"curve":"stepped"},{"time":1,"x":1,"y":1,"curve":"stepped"},{"time":2,"x":1,"y":1}]},"27034-1-1":{"rotate":[{"time":0,"angle":0},{"time":1,"angle":-13.65},{"time":2,"angle":0}],"translate":[{"time":0,"x":0,"y":0,"curve":"stepped"},{"time":1,"x":0,"y":0,"curve":"stepped"},{"time":2,"x":0,"y":0}],"scale":[{"time":0,"x":1,"y":1,"curve":"stepped"},{"time":1,"x":1,"y":1,"curve":"stepped"},{"time":2,"x":1,"y":1}]},"27034-1-4":{"rotate":[{"time":0,"angle":7.8},{"time":0.1667,"angle":13.46},{"time":1,"angle":-14.83},{"time":1.1667,"angle":-20.49},{"time":2,"angle":7.8}],"translate":[{"time":0,"x":0,"y":0,"curve":"stepped"},{"time":1,"x":0,"y":0,"curve":"stepped"},{"time":2,"x":0,"y":0}],"scale":[{"time":0,"x":1,"y":1,